<?xml version = '1.0' encoding = 'UTF-8'?>
<Entity class="oracle.dbtools.crest.model.design.logical.Entity" directorySegmentName="seg_0" id="111DE248-E54E-2D30-68C9-85A99B538F5A" name="bonificacion">
<createdBy>User</createdBy>
<createdTime>2025-05-11 18:12:04 UTC</createdTime>
<generatorID>DF92F843-4688-0B7E-09CD-E62B598764BD</generatorID>
<ownerDesignName>modelofinal</ownerDesignName>
<engineerTo>
<item key="72CD323C-FAA8-5795-4528-FB669FB0E577" value="true"/>
</engineerTo>
<adequatelyNormalized>NO</adequatelyNormalized>
<expectedVolumes>0</expectedVolumes>
<fwdEngineeringStrategyName>Single Table</fwdEngineeringStrategyName>
<growthPercent>0</growthPercent>
<growthType>Year</growthType>
<maxVolumes>9999999</maxVolumes>
<minVolumes>0</minVolumes>
<normalForm>Third</normalForm>
<attributes itemClass="oracle.dbtools.crest.model.design.logical.Attribute">
<Attribute name="id_bonificacion" id="111E8E02-F6EE-E45A-FD00-AAA6B5CC4951">
<createdBy>User</createdBy>
<createdTime>2025-05-11 18:12:04 UTC</createdTime>
<ownerDesignName>modelofinal</ownerDesignName>
<importedID>9AB5453A-8431-03E4-93F9-570EC8119B0C</importedID>
<engineerTo>
<item key="72CD323C-FAA8-5795-4528-FB669FB0E577" value="true"/>
</engineerTo>
<useDomainConstraints>false</useDomainConstraints>
<use>1</use>
<logicalDatatype>LOGDT011</logicalDatatype>
<ownDataTypeParameters>,,</ownDataTypeParameters>
</Attribute>
<Attribute name="valor" id="C2512F41-3280-D820-5310-F6A4BB4E787A">
<createdBy>User</createdBy>
<createdTime>2025-05-11 18:12:04 UTC</createdTime>
<ownerDesignName>modelofinal</ownerDesignName>
<importedID>CDB80F2D-7AC5-77C4-F1AA-FA9CECC3C96B</importedID>
<engineerTo>
<item key="72CD323C-FAA8-5795-4528-FB669FB0E577" value="true"/>
</engineerTo>
<nullsAllowed>true</nullsAllowed>
<useDomainConstraints>false</useDomainConstraints>
<use>1</use>
<logicalDatatype>LOGDT020</logicalDatatype>
<dataTypePrecision>12</dataTypePrecision>
<dataTypeScale>2</dataTypeScale>
<ownDataTypeParameters>,12,2</ownDataTypeParameters>
</Attribute>
<Attribute name="id_postulacion" id="405EA377-E1C7-B518-2A09-2846395446BE">
<createdBy>User</createdBy>
<createdTime>2025-05-11 18:12:04 UTC</createdTime>
<generatorID>16AE8D33-6CEE-D546-A21C-D3B3851E18D1</generatorID>
<ownerDesignName>modelofinal</ownerDesignName>
<importedID>6F192530-A666-1EF9-429F-94C9C2561EB1</importedID>
<engineerTo>
<item key="72CD323C-FAA8-5795-4528-FB669FB0E577" value="true"/>
</engineerTo>
<nullsAllowed>true</nullsAllowed>
<referedAttribute>8818E302-1236-2993-7462-AF7AB4073D16</referedAttribute>
<use>1</use>
<logicalDatatype>LOGDT011</logicalDatatype>
<ownDataTypeParameters>,,</ownDataTypeParameters>
</Attribute>
<Attribute name="id_tipo_bonificacion" id="BAC62A5F-BFD1-BC28-97EB-4C9304C047F4">
<createdBy>User</createdBy>
<createdTime>2025-05-11 20:44:46 UTC</createdTime>
<generatorID>FDDB60F9-515F-D57E-3AB4-889DA1D0EACB</generatorID>
<ownerDesignName>modelofinal</ownerDesignName>
<engineerTo>
<item key="72CD323C-FAA8-5795-4528-FB669FB0E577" value="true"/>
</engineerTo>
<referedAttribute>70A4E1FB-B81D-5ECB-9941-DEAD21DFD8FE</referedAttribute>
<useDomainConstraints>false</useDomainConstraints>
<use>1</use>
<logicalDatatype>LOGDT011</logicalDatatype>
<ownDataTypeParameters>,,</ownDataTypeParameters>
</Attribute>
</attributes>
<identifiers itemClass="oracle.dbtools.crest.model.design.logical.CandidateKey">
<identifier id="07F35185-F40F-D19B-6A70-96A115D73703" name="bonificacion PK">
<createdBy>User</createdBy>
<createdTime>2025-05-11 18:12:04 UTC</createdTime>
<generatorID>B0654D3F-4C50-A07E-8F60-4203EC2F4E29</generatorID>
<ownerDesignName>modelofinal</ownerDesignName>
<engineerTo>
<item key="72CD323C-FAA8-5795-4528-FB669FB0E577" value="true"/>
</engineerTo>
<pk>true</pk>
<usedAttributes>
<attributeRef>111E8E02-F6EE-E45A-FD00-AAA6B5CC4951</attributeRef>
</usedAttributes>
</identifier>
</identifiers>
</Entity>