<?xml version = '1.0' encoding = 'UTF-8'?>
<Entity class="oracle.dbtools.crest.model.design.logical.Entity" directorySegmentName="seg_0" id="2592A0F9-E881-1F6D-DBEC-CA849AF3D969" name="programa magister">
<createdBy>User</createdBy>
<createdTime>2025-05-11 18:12:04 UTC</createdTime>
<generatorID>F2BF084D-3CF4-D90A-6AB4-3B6BB474A1DB</generatorID>
<ownerDesignName>modelofinal</ownerDesignName>
<engineerTo>
<item key="72CD323C-FAA8-5795-4528-FB669FB0E577" value="true"/>
</engineerTo>
<adequatelyNormalized>NO</adequatelyNormalized>
<expectedVolumes>0</expectedVolumes>
<fwdEngineeringStrategyName>Single Table</fwdEngineeringStrategyName>
<growthPercent>0</growthPercent>
<growthType>Year</growthType>
<maxVolumes>9999999</maxVolumes>
<minVolumes>0</minVolumes>
<normalForm>Third</normalForm>
<attributes itemClass="oracle.dbtools.crest.model.design.logical.Attribute">
<Attribute name="id_programa" id="507DA85A-372C-B15C-5268-D6A9E4D5FE29">
<createdBy>User</createdBy>
<createdTime>2025-05-11 18:12:04 UTC</createdTime>
<ownerDesignName>modelofinal</ownerDesignName>
<importedID>E5B497AB-2603-1E01-8F5F-17DDA5F30AF3</importedID>
<engineerTo>
<item key="72CD323C-FAA8-5795-4528-FB669FB0E577" value="true"/>
</engineerTo>
<use>0</use>
<logicalDatatype>LOGDT011</logicalDatatype>
<domain>2D120266-E700-032E-31E6-C7E96E310482</domain>
<ownDataTypeParameters>,,</ownDataTypeParameters>
</Attribute>
<Attribute name="nombre_programa" id="2D8BD1BC-E18F-9850-835A-78136C23C465">
<createdBy>User</createdBy>
<createdTime>2025-05-11 18:12:04 UTC</createdTime>
<ownerDesignName>modelofinal</ownerDesignName>
<importedID>851357E6-A89F-101B-9436-682BFFCD4419</importedID>
<engineerTo>
<item key="72CD323C-FAA8-5795-4528-FB669FB0E577" value="true"/>
</engineerTo>
<useDomainConstraints>false</useDomainConstraints>
<use>1</use>
<logicalDatatype>LOGDT024</logicalDatatype>
<dataTypeSize>100</dataTypeSize>
<ownDataTypeParameters>100,,</ownDataTypeParameters>
</Attribute>
<Attribute name="id_universidad" id="0EF613B0-32B2-A873-E0B8-D73E1C139D71">
<createdBy>User</createdBy>
<createdTime>2025-05-11 18:12:04 UTC</createdTime>
<generatorID>6AACAAA9-8335-675D-46C4-AA4A0B3D57CB</generatorID>
<ownerDesignName>modelofinal</ownerDesignName>
<importedID>1D9BBF0D-F06C-86BB-9AB5-BEEFD9DF76FE</importedID>
<engineerTo>
<item key="72CD323C-FAA8-5795-4528-FB669FB0E577" value="true"/>
</engineerTo>
<nullsAllowed>true</nullsAllowed>
<referedAttribute>2F84926D-419A-002D-C3BC-B880A9778AF1</referedAttribute>
<use>1</use>
<logicalDatatype>LOGDT011</logicalDatatype>
<ownDataTypeParameters>,,</ownDataTypeParameters>
</Attribute>
<Attribute name="id subarea ocde" id="CF29C0D6-6D29-F021-F0BB-9DFE3C7E75D8">
<createdBy>User</createdBy>
<createdTime>2025-05-11 18:12:04 UTC</createdTime>
<generatorID>5E477059-C4AE-A0EE-865E-D4353D83FCBE</generatorID>
<ownerDesignName>modelofinal</ownerDesignName>
<importedID>3CB2E052-76A7-D060-F043-3C70D5472291</importedID>
<engineerTo>
<item key="72CD323C-FAA8-5795-4528-FB669FB0E577" value="true"/>
</engineerTo>
<nullsAllowed>true</nullsAllowed>
<referedAttribute>222254D0-6690-2AA9-E0EC-AA2CD009682B</referedAttribute>
<use>1</use>
<logicalDatatype>LOGDT011</logicalDatatype>
<ownDataTypeParameters>,,</ownDataTypeParameters>
</Attribute>
<Attribute name="id_tipo_programa" id="9F4E57F3-5FF2-81C4-26B5-EF776B380BBE">
<createdBy>User</createdBy>
<createdTime>2025-05-11 19:50:29 UTC</createdTime>
<generatorID>54309D7F-71BB-14C0-023C-5D8E32A5A75D</generatorID>
<ownerDesignName>modelofinal</ownerDesignName>
<engineerTo>
<item key="72CD323C-FAA8-5795-4528-FB669FB0E577" value="true"/>
</engineerTo>
<referedAttribute>7275AF7C-1C96-84FD-BDA9-6F507DBB2315</referedAttribute>
<useDomainConstraints>false</useDomainConstraints>
<use>1</use>
<logicalDatatype>LOGDT011</logicalDatatype>
<ownDataTypeParameters>,,</ownDataTypeParameters>
</Attribute>
</attributes>
<identifiers itemClass="oracle.dbtools.crest.model.design.logical.CandidateKey">
<identifier id="7465B7F7-F41F-1044-1708-1C0F06E9429E" name="programa magister PK">
<createdBy>User</createdBy>
<createdTime>2025-05-11 18:12:04 UTC</createdTime>
<generatorID>877D5E96-BF9B-4EBD-4846-4A4D88A8FF83</generatorID>
<ownerDesignName>modelofinal</ownerDesignName>
<engineerTo>
<item key="72CD323C-FAA8-5795-4528-FB669FB0E577" value="true"/>
</engineerTo>
<pk>true</pk>
<usedAttributes>
<attributeRef>507DA85A-372C-B15C-5268-D6A9E4D5FE29</attributeRef>
</usedAttributes>
</identifier>
</identifiers>
</Entity>