<?xml version = '1.0' encoding = 'UTF-8'?>
<Entity class="oracle.dbtools.crest.model.design.logical.Entity" directorySegmentName="seg_0" id="BC9C3366-5DEF-FDFE-DFB2-5DFB1C8D6614" name="concurso">
<createdBy>User</createdBy>
<createdTime>2025-05-11 18:12:04 UTC</createdTime>
<generatorID>36BD44BE-B289-C5C7-6C9D-9396A624616F</generatorID>
<ownerDesignName>modelofinal</ownerDesignName>
<engineerTo>
<item key="72CD323C-FAA8-5795-4528-FB669FB0E577" value="true"/>
</engineerTo>
<adequatelyNormalized>NO</adequatelyNormalized>
<expectedVolumes>0</expectedVolumes>
<fwdEngineeringStrategyName>Single Table</fwdEngineeringStrategyName>
<growthPercent>0</growthPercent>
<growthType>Year</growthType>
<maxVolumes>9999999</maxVolumes>
<minVolumes>0</minVolumes>
<normalForm>Third</normalForm>
<attributes itemClass="oracle.dbtools.crest.model.design.logical.Attribute">
<Attribute name="id_concurso" id="EF795047-C2D8-8643-868D-BF614C171676">
<createdBy>User</createdBy>
<createdTime>2025-05-11 18:12:04 UTC</createdTime>
<ownerDesignName>modelofinal</ownerDesignName>
<importedID>2902F135-2A32-6093-60AB-106400615FA6</importedID>
<engineerTo>
<item key="72CD323C-FAA8-5795-4528-FB669FB0E577" value="true"/>
</engineerTo>
<use>0</use>
<logicalDatatype>LOGDT011</logicalDatatype>
<domain>2D120266-E700-032E-31E6-C7E96E310482</domain>
<ownDataTypeParameters>,,</ownDataTypeParameters>
</Attribute>
<Attribute name="nombre" id="5E5B46E0-AC41-95A0-A557-9E37EE2D979E">
<createdBy>User</createdBy>
<createdTime>2025-05-11 18:12:04 UTC</createdTime>
<ownerDesignName>modelofinal</ownerDesignName>
<importedID>4FA9C8B2-7FE8-2B0C-212E-0E871AA02FC1</importedID>
<engineerTo>
<item key="72CD323C-FAA8-5795-4528-FB669FB0E577" value="true"/>
</engineerTo>
<use>0</use>
<logicalDatatype>LOGDT024</logicalDatatype>
<domain>5B690840-3DF4-8B0D-A31F-663F25702056</domain>
<ownDataTypeParameters>,,</ownDataTypeParameters>
</Attribute>
<Attribute name="fecha_inicio" id="59F85715-D963-8ADC-745F-751EA9BF6B2D">
<createdBy>User</createdBy>
<createdTime>2025-05-11 18:12:04 UTC</createdTime>
<ownerDesignName>modelofinal</ownerDesignName>
<importedID>70292E4E-374B-1A0B-31E3-28ADF2986463</importedID>
<engineerTo>
<item key="72CD323C-FAA8-5795-4528-FB669FB0E577" value="true"/>
</engineerTo>
<use>0</use>
<logicalDatatype>LOGDT007</logicalDatatype>
<domain>37056993-A953-C3DD-9D81-74E35826BB8E</domain>
<ownDataTypeParameters>,,</ownDataTypeParameters>
</Attribute>
<Attribute name="fecha_fin" id="500E35D8-4821-3AB7-251B-1FF33512F370">
<createdBy>User</createdBy>
<createdTime>2025-05-11 18:12:04 UTC</createdTime>
<ownerDesignName>modelofinal</ownerDesignName>
<importedID>882A9F74-F7CC-1204-02C8-9934B5F57279</importedID>
<engineerTo>
<item key="72CD323C-FAA8-5795-4528-FB669FB0E577" value="true"/>
</engineerTo>
<nullsAllowed>true</nullsAllowed>
<use>0</use>
<logicalDatatype>LOGDT007</logicalDatatype>
<domain>37056993-A953-C3DD-9D81-74E35826BB8E</domain>
<ownDataTypeParameters>,,</ownDataTypeParameters>
</Attribute>
</attributes>
<identifiers itemClass="oracle.dbtools.crest.model.design.logical.CandidateKey">
<identifier id="5BC7DCEB-E404-BF20-DF61-DF2849266F13" name="concurso PK">
<createdBy>User</createdBy>
<createdTime>2025-05-11 18:12:04 UTC</createdTime>
<generatorID>5C3828B4-3892-7026-D8D2-91D9501087E6</generatorID>
<ownerDesignName>modelofinal</ownerDesignName>
<engineerTo>
<item key="72CD323C-FAA8-5795-4528-FB669FB0E577" value="true"/>
</engineerTo>
<pk>true</pk>
<usedAttributes>
<attributeRef>EF795047-C2D8-8643-868D-BF614C171676</attributeRef>
</usedAttributes>
</identifier>
</identifiers>
</Entity>