<?xml version = '1.0' encoding = 'UTF-8'?>
<Relation class="oracle.dbtools.crest.model.design.logical.Relation" name="documento_adjunto_postulacion_FK" directorySegmentName="seg_0" id="13F0EA6F-C610-2925-87A8-21CA00AE4B8B">
<createdBy>User</createdBy>
<createdTime>2025-05-11 18:12:04 UTC</createdTime>
<ownerDesignName>modelofinal</ownerDesignName>
<engineerTo>
<item key="72CD323C-FAA8-5795-4528-FB669FB0E577" value="true"/>
</engineerTo>
<sourcePk>21C48BA2-8718-3075-F9C8-28F3238F85E3</sourcePk>
<identifying>false</identifying>
<optionalSource>true</optionalSource>
<optionalTarget>true</optionalTarget>
<sourceCardinality>1</sourceCardinality>
<sourceEntity>F44F76D5-3381-E5D7-3B05-98FCB12AC81E</sourceEntity>
<targetCardinalityString>*</targetCardinalityString>
<targetEntity>B2D9B267-4C9B-84F1-62BD-2A1AFFC22088</targetEntity>
<transferable>true</transferable>
<deleteRule>NO ACTION</deleteRule>
</Relation>