<?xml version = '1.0' encoding = 'UTF-8'?>
<Relation class="oracle.dbtools.crest.model.design.logical.Relation" name="tipo_documento_documento" directorySegmentName="seg_0" id="15DAB466-98D8-154E-F996-96C514168CFB">
<createdBy>User</createdBy>
<createdTime>2025-05-11 20:05:28 UTC</createdTime>
<ownerDesignName>modelofinal</ownerDesignName>
<engineerTo>
<item key="72CD323C-FAA8-5795-4528-FB669FB0E577" value="true"/>
</engineerTo>
<sourcePk>5369A67D-7874-EC77-785D-F816AF591232</sourcePk>
<identifying>false</identifying>
<optionalSource>true</optionalSource>
<optionalTarget>false</optionalTarget>
<sourceCardinality>1</sourceCardinality>
<sourceEntity>730B5C56-C77B-6525-C4A8-DBFBF0AAA0EA</sourceEntity>
<targetCardinalityString>*</targetCardinalityString>
<targetEntity>B2D9B267-4C9B-84F1-62BD-2A1AFFC22088</targetEntity>
<transferable>true</transferable>
<deleteRule>NO ACTION</deleteRule>
</Relation>