<?xml version = '1.0' encoding = 'UTF-8'?>
<Relation class="oracle.dbtools.crest.model.design.logical.Relation" name="bonificacion_postulacion_FK" directorySegmentName="seg_0" id="16AE8D33-6CEE-D546-A21C-D3B3851E18D1">
<createdBy>User</createdBy>
<createdTime>2025-05-11 18:12:04 UTC</createdTime>
<ownerDesignName>modelofinal</ownerDesignName>
<engineerTo>
<item key="72CD323C-FAA8-5795-4528-FB669FB0E577" value="true"/>
</engineerTo>
<sourcePk>21C48BA2-8718-3075-F9C8-28F3238F85E3</sourcePk>
<identifying>false</identifying>
<optionalSource>true</optionalSource>
<optionalTarget>true</optionalTarget>
<sourceCardinality>1</sourceCardinality>
<sourceEntity>F44F76D5-3381-E5D7-3B05-98FCB12AC81E</sourceEntity>
<targetCardinalityString>*</targetCardinalityString>
<targetEntity>111DE248-E54E-2D30-68C9-85A99B538F5A</targetEntity>
<transferable>true</transferable>
<deleteRule>NO ACTION</deleteRule>
</Relation>