<?xml version = '1.0' encoding = 'UTF-8'?>
<Relation class="oracle.dbtools.crest.model.design.logical.Relation" name="nacionalidad_postulante" directorySegmentName="seg_0" id="27A932F6-F6C8-7ECB-5A5B-B6E86630EC3A">
<createdBy>User</createdBy>
<createdTime>2025-05-11 20:05:14 UTC</createdTime>
<ownerDesignName>modelofinal</ownerDesignName>
<engineerTo>
<item key="72CD323C-FAA8-5795-4528-FB669FB0E577" value="true"/>
</engineerTo>
<sourcePk>2F649AD0-F51E-8DC7-2852-AAFEE7DC1194</sourcePk>
<identifying>false</identifying>
<optionalSource>true</optionalSource>
<optionalTarget>false</optionalTarget>
<sourceCardinality>1</sourceCardinality>
<sourceEntity>E056E03F-423A-6BB2-F5B8-704588E3E695</sourceEntity>
<targetCardinalityString>*</targetCardinalityString>
<targetEntity>AC439DE4-6369-7009-9AD6-9F28A33F053E</targetEntity>
<transferable>true</transferable>
<deleteRule>NO ACTION</deleteRule>
</Relation>