<?xml version = '1.0' encoding = 'UTF-8'?>
<Relation class="oracle.dbtools.crest.model.design.logical.Relation" name="tipo_programa_programa" directorySegmentName="seg_0" id="54309D7F-71BB-14C0-023C-5D8E32A5A75D">
<createdBy>User</createdBy>
<createdTime>2025-05-11 19:50:29 UTC</createdTime>
<ownerDesignName>modelofinal</ownerDesignName>
<engineerTo>
<item key="72CD323C-FAA8-5795-4528-FB669FB0E577" value="true"/>
</engineerTo>
<sourcePk>57FDA645-7549-B2E2-DA6A-A01DA90BE32E</sourcePk>
<identifying>false</identifying>
<optionalSource>true</optionalSource>
<optionalTarget>false</optionalTarget>
<sourceCardinality>1</sourceCardinality>
<sourceEntity>1DDFA1CB-8045-6475-A406-32DA487D7EBA</sourceEntity>
<targetCardinalityString>*</targetCardinalityString>
<targetEntity>2592A0F9-E881-1F6D-DBEC-CA849AF3D969</targetEntity>
<transferable>true</transferable>
<deleteRule>NO ACTION</deleteRule>
</Relation>