<?xml version = '1.0' encoding = 'UTF-8'?>
<Relation class="oracle.dbtools.crest.model.design.logical.Relation" name="certificado_idioma_postulacion_FK" directorySegmentName="seg_0" id="5449C1E3-DA93-E879-4507-6787DE736697">
<createdBy>User</createdBy>
<createdTime>2025-05-11 18:12:04 UTC</createdTime>
<ownerDesignName>modelofinal</ownerDesignName>
<engineerTo>
<item key="72CD323C-FAA8-5795-4528-FB669FB0E577" value="true"/>
</engineerTo>
<sourcePk>21C48BA2-8718-3075-F9C8-28F3238F85E3</sourcePk>
<identifying>false</identifying>
<optionalSource>true</optionalSource>
<optionalTarget>true</optionalTarget>
<sourceCardinality>1</sourceCardinality>
<sourceEntity>F44F76D5-3381-E5D7-3B05-98FCB12AC81E</sourceEntity>
<targetCardinalityString>*</targetCardinalityString>
<targetEntity>07837EA6-4FD7-E3B4-13F3-029164F0E484</targetEntity>
<transferable>true</transferable>
<deleteRule>NO ACTION</deleteRule>
</Relation>