<?xml version = '1.0' encoding = 'UTF-8'?>
<Relation class="oracle.dbtools.crest.model.design.logical.Relation" name="programa_magister_subarea_ocde_FK" directorySegmentName="seg_0" id="5E477059-C4AE-A0EE-865E-D4353D83FCBE">
<createdBy>User</createdBy>
<createdTime>2025-05-11 18:12:04 UTC</createdTime>
<ownerDesignName>modelofinal</ownerDesignName>
<engineerTo>
<item key="72CD323C-FAA8-5795-4528-FB669FB0E577" value="true"/>
</engineerTo>
<sourcePk>6690DE3D-F5C9-DF1F-66CB-B241ACEBE558</sourcePk>
<identifying>false</identifying>
<optionalSource>true</optionalSource>
<optionalTarget>true</optionalTarget>
<sourceCardinality>1</sourceCardinality>
<sourceEntity>B57DA42B-FE05-0492-B8CD-F289EE130218</sourceEntity>
<targetCardinalityString>*</targetCardinalityString>
<targetEntity>2592A0F9-E881-1F6D-DBEC-CA849AF3D969</targetEntity>
<transferable>true</transferable>
<deleteRule>NO ACTION</deleteRule>
</Relation>