<?xml version = '1.0' encoding = 'UTF-8'?>
<Relation class="oracle.dbtools.crest.model.design.logical.Relation" name="programa_magister_universidad_FK" directorySegmentName="seg_0" id="6AACAAA9-8335-675D-46C4-AA4A0B3D57CB">
<createdBy>User</createdBy>
<createdTime>2025-05-11 18:12:04 UTC</createdTime>
<ownerDesignName>modelofinal</ownerDesignName>
<engineerTo>
<item key="72CD323C-FAA8-5795-4528-FB669FB0E577" value="true"/>
</engineerTo>
<sourcePk>EE738E30-1898-9B33-B088-23D19C68DE02</sourcePk>
<identifying>false</identifying>
<optionalSource>true</optionalSource>
<optionalTarget>true</optionalTarget>
<sourceCardinality>1</sourceCardinality>
<sourceEntity>CEA79610-08AE-7CDB-AB3F-FAD7F7F4A1C7</sourceEntity>
<targetCardinalityString>*</targetCardinalityString>
<targetEntity>2592A0F9-E881-1F6D-DBEC-CA849AF3D969</targetEntity>
<transferable>true</transferable>
<deleteRule>NO ACTION</deleteRule>
</Relation>