<?xml version = '1.0' encoding = 'UTF-8'?>
<Relation class="oracle.dbtools.crest.model.design.logical.Relation" name="postulacion_concurso_FK" directorySegmentName="seg_0" id="72C97F68-AD22-B0DF-44BC-61C746AD64C7">
<createdBy>User</createdBy>
<createdTime>2025-05-11 18:12:04 UTC</createdTime>
<ownerDesignName>modelofinal</ownerDesignName>
<engineerTo>
<item key="72CD323C-FAA8-5795-4528-FB669FB0E577" value="true"/>
</engineerTo>
<sourcePk>5BC7DCEB-E404-BF20-DF61-DF2849266F13</sourcePk>
<identifying>false</identifying>
<optionalSource>true</optionalSource>
<optionalTarget>true</optionalTarget>
<sourceCardinality>1</sourceCardinality>
<sourceEntity>BC9C3366-5DEF-FDFE-DFB2-5DFB1C8D6614</sourceEntity>
<targetCardinalityString>*</targetCardinalityString>
<targetEntity>F44F76D5-3381-E5D7-3B05-98FCB12AC81E</targetEntity>
<transferable>true</transferable>
<deleteRule>NO ACTION</deleteRule>
</Relation>