<?xml version = '1.0' encoding = 'UTF-8'?>
<Relation class="oracle.dbtools.crest.model.design.logical.Relation" name="postulacion_postulante_FK" directorySegmentName="seg_0" id="7742F227-CDE7-639C-0E16-5418001B8AEF">
<createdBy>User</createdBy>
<createdTime>2025-05-11 18:12:04 UTC</createdTime>
<ownerDesignName>modelofinal</ownerDesignName>
<engineerTo>
<item key="72CD323C-FAA8-5795-4528-FB669FB0E577" value="true"/>
</engineerTo>
<sourcePk>AD918529-C28D-737E-3B33-8DAA3CFD4BA9</sourcePk>
<identifying>false</identifying>
<optionalSource>true</optionalSource>
<optionalTarget>true</optionalTarget>
<sourceCardinality>1</sourceCardinality>
<sourceEntity>AC439DE4-6369-7009-9AD6-9F28A33F053E</sourceEntity>
<targetCardinalityString>*</targetCardinalityString>
<targetEntity>F44F76D5-3381-E5D7-3B05-98FCB12AC81E</targetEntity>
<transferable>true</transferable>
<deleteRule>NO ACTION</deleteRule>
</Relation>