<?xml version = '1.0' encoding = 'UTF-8'?>
<Relation class="oracle.dbtools.crest.model.design.logical.Relation" name="postulante_licenciatura_FK" directorySegmentName="seg_0" id="7E6E2021-9505-EC0D-91FB-1C32A26D7FD2">
<createdBy>User</createdBy>
<createdTime>2025-05-11 18:12:04 UTC</createdTime>
<ownerDesignName>modelofinal</ownerDesignName>
<engineerTo>
<item key="72CD323C-FAA8-5795-4528-FB669FB0E577" value="true"/>
</engineerTo>
<sourcePk>81BAAD6B-1870-BE8F-1C19-817E537A07E3</sourcePk>
<identifying>false</identifying>
<optionalSource>true</optionalSource>
<optionalTarget>true</optionalTarget>
<sourceCardinality>1</sourceCardinality>
<sourceEntity>B4421F85-692E-2813-A38E-D65F60DE5F9A</sourceEntity>
<targetCardinalityString>*</targetCardinalityString>
<targetEntity>AC439DE4-6369-7009-9AD6-9F28A33F053E</targetEntity>
<transferable>true</transferable>
<deleteRule>NO ACTION</deleteRule>
</Relation>