<?xml version = '1.0' encoding = 'UTF-8'?>
<Relation class="oracle.dbtools.crest.model.design.logical.Relation" name="postulante_titulo_profesional_FK" directorySegmentName="seg_0" id="95D6A9CD-BB50-7360-2DE5-1D9337E8CC9D">
<createdBy>User</createdBy>
<createdTime>2025-05-11 18:12:04 UTC</createdTime>
<ownerDesignName>modelofinal</ownerDesignName>
<engineerTo>
<item key="72CD323C-FAA8-5795-4528-FB669FB0E577" value="true"/>
</engineerTo>
<sourcePk>C1C7D746-6C08-2637-5C9F-3569ACD56CC8</sourcePk>
<identifying>false</identifying>
<optionalSource>true</optionalSource>
<optionalTarget>true</optionalTarget>
<sourceCardinality>1</sourceCardinality>
<sourceEntity>362A3BC3-F879-8CBF-34BB-DDAFA635105E</sourceEntity>
<targetCardinalityString>*</targetCardinalityString>
<targetEntity>AC439DE4-6369-7009-9AD6-9F28A33F053E</targetEntity>
<transferable>true</transferable>
<deleteRule>NO ACTION</deleteRule>
</Relation>