<?xml version = '1.0' encoding = 'UTF-8'?>
<Relation class="oracle.dbtools.crest.model.design.logical.Relation" name="titulo_comuna" directorySegmentName="seg_0" id="997135F1-C63A-55C8-4DA5-D60E94937091">
<createdBy>User</createdBy>
<createdTime>2025-05-11 18:16:43 UTC</createdTime>
<ownerDesignName>modelofinal</ownerDesignName>
<engineerTo>
<item key="72CD323C-FAA8-5795-4528-FB669FB0E577" value="true"/>
</engineerTo>
<sourcePk>14EE83D8-20E3-3327-F566-4B414D82BA6C</sourcePk>
<identifying>false</identifying>
<optionalSource>true</optionalSource>
<optionalTarget>false</optionalTarget>
<sourceCardinality>1</sourceCardinality>
<sourceEntity>18DE82ED-21E5-B9EB-88A5-99E745B5677B</sourceEntity>
<targetCardinalityString>*</targetCardinalityString>
<targetEntity>362A3BC3-F879-8CBF-34BB-DDAFA635105E</targetEntity>
<transferable>true</transferable>
<deleteRule>NO ACTION</deleteRule>
</Relation>