<?xml version = '1.0' encoding = 'UTF-8'?>
<Relation class="oracle.dbtools.crest.model.design.logical.Relation" name="postulacion_programa_magister_FK" directorySegmentName="seg_0" id="B8D1AC3A-875D-BDF1-FDC1-68322B7A3A7E">
<createdBy>User</createdBy>
<createdTime>2025-05-11 18:12:04 UTC</createdTime>
<ownerDesignName>modelofinal</ownerDesignName>
<engineerTo>
<item key="72CD323C-FAA8-5795-4528-FB669FB0E577" value="true"/>
</engineerTo>
<sourcePk>7465B7F7-F41F-1044-1708-1C0F06E9429E</sourcePk>
<identifying>false</identifying>
<optionalSource>true</optionalSource>
<optionalTarget>true</optionalTarget>
<sourceCardinality>1</sourceCardinality>
<sourceEntity>2592A0F9-E881-1F6D-DBEC-CA849AF3D969</sourceEntity>
<targetCardinalityString>*</targetCardinalityString>
<targetEntity>F44F76D5-3381-E5D7-3B05-98FCB12AC81E</targetEntity>
<transferable>true</transferable>
<deleteRule>NO ACTION</deleteRule>
</Relation>