<?xml version = '1.0' encoding = 'UTF-8'?>
<Relation class="oracle.dbtools.crest.model.design.logical.Relation" name="region_comuna" directorySegmentName="seg_0" id="C117FFDE-10D7-2E5B-CB36-2A5B25CB6AEB">
<createdBy>User</createdBy>
<createdTime>2025-05-11 18:15:58 UTC</createdTime>
<ownerDesignName>modelofinal</ownerDesignName>
<engineerTo>
<item key="72CD323C-FAA8-5795-4528-FB669FB0E577" value="true"/>
</engineerTo>
<sourcePk>FCF0E8E5-AA05-90D6-F813-2B91C0FF1BFE</sourcePk>
<identifying>true</identifying>
<optionalSource>true</optionalSource>
<optionalTarget>false</optionalTarget>
<sourceCardinality>1</sourceCardinality>
<sourceEntity>64658249-9F00-29E2-8B2D-1EE5022ED4CF</sourceEntity>
<targetCardinalityString>*</targetCardinalityString>
<targetEntity>18DE82ED-21E5-B9EB-88A5-99E745B5677B</targetEntity>
<transferable>true</transferable>
<deleteRule>NO ACTION</deleteRule>
</Relation>