<?xml version = '1.0' encoding = 'UTF-8'?>
<Relation class="oracle.dbtools.crest.model.design.logical.Relation" name="universidad_licenciatura" directorySegmentName="seg_0" id="C1FBF68B-6553-AA58-3553-76B330B46D14">
<createdBy>User</createdBy>
<createdTime>2025-05-11 20:35:47 UTC</createdTime>
<ownerDesignName>modelofinal</ownerDesignName>
<engineerTo>
<item key="72CD323C-FAA8-5795-4528-FB669FB0E577" value="true"/>
</engineerTo>
<sourcePk>EE738E30-1898-9B33-B088-23D19C68DE02</sourcePk>
<identifying>false</identifying>
<optionalSource>true</optionalSource>
<optionalTarget>false</optionalTarget>
<sourceCardinality>1</sourceCardinality>
<sourceEntity>CEA79610-08AE-7CDB-AB3F-FAD7F7F4A1C7</sourceEntity>
<targetCardinalityString>*</targetCardinalityString>
<targetEntity>B4421F85-692E-2813-A38E-D65F60DE5F9A</targetEntity>
<transferable>true</transferable>
<deleteRule>NO ACTION</deleteRule>
</Relation>