<?xml version = '1.0' encoding = 'UTF-8'?>
<Relation class="oracle.dbtools.crest.model.design.logical.Relation" name="comuna_postulante" directorySegmentName="seg_0" id="CD1E8622-2190-1A55-813A-9B4A5CE31C7E">
<createdBy>User</createdBy>
<createdTime>2025-05-11 18:16:18 UTC</createdTime>
<ownerDesignName>modelofinal</ownerDesignName>
<engineerTo>
<item key="72CD323C-FAA8-5795-4528-FB669FB0E577" value="true"/>
</engineerTo>
<sourcePk>14EE83D8-20E3-3327-F566-4B414D82BA6C</sourcePk>
<identifying>false</identifying>
<optionalSource>true</optionalSource>
<optionalTarget>false</optionalTarget>
<sourceCardinality>1</sourceCardinality>
<sourceEntity>18DE82ED-21E5-B9EB-88A5-99E745B5677B</sourceEntity>
<targetCardinalityString>*</targetCardinalityString>
<targetEntity>AC439DE4-6369-7009-9AD6-9F28A33F053E</targetEntity>
<transferable>true</transferable>
<deleteRule>NO ACTION</deleteRule>
</Relation>