<?xml version = '1.0' encoding = 'UTF-8'?>
<Relation class="oracle.dbtools.crest.model.design.logical.Relation" name="evaluacion_evaluador_FK" directorySegmentName="seg_0" id="CE0E6A2B-5DD5-A08A-1373-830F4B899E44">
<createdBy>User</createdBy>
<createdTime>2025-05-11 18:12:04 UTC</createdTime>
<ownerDesignName>modelofinal</ownerDesignName>
<engineerTo>
<item key="72CD323C-FAA8-5795-4528-FB669FB0E577" value="true"/>
</engineerTo>
<sourcePk>84CB04AE-6CAB-FB63-514F-D072E690526A</sourcePk>
<identifying>false</identifying>
<optionalSource>true</optionalSource>
<optionalTarget>true</optionalTarget>
<sourceCardinality>1</sourceCardinality>
<sourceEntity>DE4FC3DC-78CB-157F-7D9F-BA87D85F6F6B</sourceEntity>
<targetCardinalityString>*</targetCardinalityString>
<targetEntity>9E96987F-E1B1-27DA-B210-9DF605A09229</targetEntity>
<transferable>true</transferable>
<deleteRule>NO ACTION</deleteRule>
</Relation>