<?xml version = '1.0' encoding = 'UTF-8'?>
<Relation class="oracle.dbtools.crest.model.design.logical.Relation" name="tipo_bonificacion" directorySegmentName="seg_0" id="FDDB60F9-515F-D57E-3AB4-889DA1D0EACB">
<createdBy>User</createdBy>
<createdTime>2025-05-11 20:44:00 UTC</createdTime>
<ownerDesignName>modelofinal</ownerDesignName>
<engineerTo>
<item key="72CD323C-FAA8-5795-4528-FB669FB0E577" value="true"/>
</engineerTo>
<sourcePk>210199E5-16C0-D107-9BA1-86BFD736E799</sourcePk>
<identifying>false</identifying>
<optionalSource>true</optionalSource>
<optionalTarget>false</optionalTarget>
<sourceCardinality>1</sourceCardinality>
<sourceEntity>2B7CAEDB-C5AE-143A-4471-D747EAE41469</sourceEntity>
<targetCardinalityString>*</targetCardinalityString>
<targetEntity>111DE248-E54E-2D30-68C9-85A99B538F5A</targetEntity>
<transferable>true</transferable>
<deleteRule>NO ACTION</deleteRule>
</Relation>