<?xml version = '1.0' encoding = 'UTF-8'?>
<Diagram class="oracle.dbtools.crest.swingui.logical.DPVLogical" name="Logical" id="41BD1B54-226C-9B31-C730-57DD5F7838CD">
<createdBy>User</createdBy>
<modifiedBy>User</modifiedBy>
<createdTime>2025-05-11 18:12:04 UTC</createdTime>
<autoRoute>false</autoRoute>
<boxInbox>true</boxInbox>
<showLegend>false</showLegend>
<showLabels>false</showLabels>
<showRelAttributes>false</showRelAttributes>
<gridEnabled>false</gridEnabled>
<showGrid>false</showGrid>
<diagramColor>-1</diagramColor>
<display>false</display>
<notation>1</notation>
<objectViews>
<OView class="oracle.dbtools.crest.swingui.logical.TVEntity" oid="07837EA6-4FD7-E3B4-13F3-029164F0E484" otype="Entity" vid="7F3CB479-383A-6DCB-D424-463D07450265">
<hideElementsInCurrentOnly>false</hideElementsInCurrentOnly>
<bounds x="1398" y="529" width="284" height="136"/>
</OView>
<OView class="oracle.dbtools.crest.swingui.logical.TVEntity" oid="111DE248-E54E-2D30-68C9-85A99B538F5A" otype="Entity" vid="188C1379-49B5-AE38-851B-A781488F7BC6">
<hideElementsInCurrentOnly>false</hideElementsInCurrentOnly>
<bounds x="1762" y="529" width="254" height="122"/>
</OView>
<OView class="oracle.dbtools.crest.swingui.logical.TVEntity" oid="18DE82ED-21E5-B9EB-88A5-99E745B5677B" otype="Entity" vid="E221354B-29F8-96AB-C0E7-5337B9D1DA71">
<hideElementsInCurrentOnly>false</hideElementsInCurrentOnly>
<bounds x="2440" y="717" width="170" height="110"/>
</OView>
<OView class="oracle.dbtools.crest.swingui.logical.TVEntity" oid="1DDFA1CB-8045-6475-A406-32DA487D7EBA" otype="Entity" vid="2F56A6F4-9345-9898-F031-2A510D9660AA">
<hideElementsInCurrentOnly>false</hideElementsInCurrentOnly>
<bounds x="2770" y="169" width="170" height="110"/>
</OView>
<OView class="oracle.dbtools.crest.swingui.logical.TVEntity" oid="2592A0F9-E881-1F6D-DBEC-CA849AF3D969" otype="Entity" vid="86D12272-7F95-7058-D636-B1ACF9A940F3">
<hideElementsInCurrentOnly>false</hideElementsInCurrentOnly>
<bounds x="2711" y="401" width="309" height="150"/>
</OView>
<OView class="oracle.dbtools.crest.swingui.logical.TVEntity" oid="2B7CAEDB-C5AE-143A-4471-D747EAE41469" otype="Entity" vid="D9472A4B-FB3A-8491-AB05-FF0B40E75CCD">
<hideElementsInCurrentOnly>false</hideElementsInCurrentOnly>
<bounds x="1803" y="690" width="170" height="110"/>
</OView>
<OView class="oracle.dbtools.crest.swingui.logical.TVEntity" oid="362A3BC3-F879-8CBF-34BB-DDAFA635105E" otype="Entity" vid="9078BAA1-2898-498D-58C3-33090BBCBD71">
<hideElementsInCurrentOnly>false</hideElementsInCurrentOnly>
<bounds x="2424" y="529" width="207" height="116"/>
</OView>
<OView class="oracle.dbtools.crest.swingui.logical.TVEntity" oid="3E3F15C4-463E-F054-9BB7-B371A4425549" otype="Entity" vid="14B7C175-BE27-93B6-52DC-9B00ADA421FD">
<hideElementsInCurrentOnly>false</hideElementsInCurrentOnly>
<bounds x="1197" y="78" width="299" height="164"/>
</OView>
<OView class="oracle.dbtools.crest.swingui.logical.TVEntity" oid="5C60524D-8CCE-46EA-6088-EB8B609A9990" otype="Entity" vid="14DE96A4-F0F3-09D9-E04F-99C708C145BB">
<hideElementsInCurrentOnly>false</hideElementsInCurrentOnly>
<bounds x="1723" y="66" width="325" height="178"/>
</OView>
<OView class="oracle.dbtools.crest.swingui.logical.TVEntity" oid="64658249-9F00-29E2-8B2D-1EE5022ED4CF" otype="Entity" vid="C0A4B43E-9A59-BA57-235F-3410C5475159">
<hideElementsInCurrentOnly>false</hideElementsInCurrentOnly>
<bounds x="2446" y="856" width="170" height="110"/>
</OView>
<OView class="oracle.dbtools.crest.swingui.logical.TVEntity" oid="730B5C56-C77B-6525-C4A8-DBFBF0AAA0EA" otype="Entity" vid="FC59F656-4F8E-0E03-761D-2BDC6E61B03E">
<hideElementsInCurrentOnly>false</hideElementsInCurrentOnly>
<bounds x="1201" y="570" width="170" height="110"/>
</OView>
<OView class="oracle.dbtools.crest.swingui.logical.TVEntity" oid="9E96987F-E1B1-27DA-B210-9DF605A09229" otype="Entity" vid="FC08907C-482C-583A-6DF1-7FB1962033C7">
<hideElementsInCurrentOnly>false</hideElementsInCurrentOnly>
<bounds x="2096" y="67" width="247" height="164"/>
</OView>
<OView class="oracle.dbtools.crest.swingui.logical.TVEntity" oid="AC439DE4-6369-7009-9AD6-9F28A33F053E" otype="Entity" vid="BA64667E-38EF-89EE-DF71-3F6410FB89CE">
<hideElementsInCurrentOnly>false</hideElementsInCurrentOnly>
<bounds x="2097" y="529" width="247" height="304"/>
</OView>
<OView class="oracle.dbtools.crest.swingui.logical.TVEntity" oid="B2D9B267-4C9B-84F1-62BD-2A1AFFC22088" otype="Entity" vid="6838455A-216C-CC5F-2E3B-CC1A268221D3">
<hideElementsInCurrentOnly>false</hideElementsInCurrentOnly>
<bounds x="1189" y="303" width="290" height="150"/>
</OView>
<OView class="oracle.dbtools.crest.swingui.logical.TVEntity" oid="B4421F85-692E-2813-A38E-D65F60DE5F9A" otype="Entity" vid="1EF83082-5DDC-BA2C-355F-73C850AA1550">
<hideElementsInCurrentOnly>false</hideElementsInCurrentOnly>
<bounds x="2097" y="893" width="213" height="130"/>
</OView>
<OView class="oracle.dbtools.crest.swingui.logical.TVEntity" oid="B57DA42B-FE05-0492-B8CD-F289EE130218" otype="Entity" vid="7BE6F101-32E7-A4CA-634B-A82C1E0A8F39">
<hideElementsInCurrentOnly>false</hideElementsInCurrentOnly>
<bounds x="3100" y="529" width="223" height="74"/>
</OView>
<OView class="oracle.dbtools.crest.swingui.logical.TVEntity" oid="BC9C3366-5DEF-FDFE-DFB2-5DFB1C8D6614" otype="Entity" vid="AD11AE01-3419-172B-BD29-6F5E82F44F49">
<hideElementsInCurrentOnly>false</hideElementsInCurrentOnly>
<bounds x="2451" y="291" width="201" height="102"/>
</OView>
<OView class="oracle.dbtools.crest.swingui.logical.TVEntity" oid="CEA79610-08AE-7CDB-AB3F-FAD7F7F4A1C7" otype="Entity" vid="232A7016-CCA9-99D0-312E-6831C26720EF">
<hideElementsInCurrentOnly>false</hideElementsInCurrentOnly>
<bounds x="2700" y="929" width="237" height="102"/>
</OView>
<OView class="oracle.dbtools.crest.swingui.logical.TVEntity" oid="DE4FC3DC-78CB-157F-7D9F-BA87D85F6F6B" otype="Entity" vid="F9B4BC62-84B9-73A7-2130-95BCC223937D">
<hideElementsInCurrentOnly>false</hideElementsInCurrentOnly>
<bounds x="2423" y="67" width="232" height="116"/>
</OView>
<OView class="oracle.dbtools.crest.swingui.logical.TVEntity" oid="E056E03F-423A-6BB2-F5B8-704588E3E695" otype="Entity" vid="4E1DD83B-5F28-F1CD-E3D8-5C1A7100BF00">
<hideElementsInCurrentOnly>false</hideElementsInCurrentOnly>
<bounds x="1798" y="816" width="170" height="110"/>
</OView>
<OView class="oracle.dbtools.crest.swingui.logical.TVEntity" oid="F44F76D5-3381-E5D7-3B05-98FCB12AC81E" otype="Entity" vid="297CDE21-41B6-6C83-5F30-FF706C005FF5">
<hideElementsInCurrentOnly>false</hideElementsInCurrentOnly>
<bounds x="2096" y="291" width="275" height="178"/>
</OView>
</objectViews>
<connectors>
<Connector class="oracle.dbtools.crest.swingui.logical.TVRelation" oid="0ED138B3-5DCF-D325-2608-A5DFCFE14897" otype="Relation" vid_source="297CDE21-41B6-6C83-5F30-FF706C005FF5" vid_target="14DE96A4-F0F3-09D9-E04F-99C708C145BB">
<hideElementsInCurrentOnly>false</hideElementsInCurrentOnly>
<backgroundColor>-16777216</backgroundColor>
<lineWidth>1</lineWidth>
<points>
<point x="2096" y="291"/>
<point x="2023" y="244"/>
</points>
</Connector>
<Connector class="oracle.dbtools.crest.swingui.logical.TVRelation" oid="12FB3441-92F7-11DD-542D-87E82CDDE56D" otype="Relation" vid_source="297CDE21-41B6-6C83-5F30-FF706C005FF5" vid_target="14B7C175-BE27-93B6-52DC-9B00ADA421FD">
<hideElementsInCurrentOnly>false</hideElementsInCurrentOnly>
<backgroundColor>-16777216</backgroundColor>
<lineWidth>1</lineWidth>
<points>
<point x="2096" y="345"/>
<point x="1496" y="197"/>
</points>
</Connector>
<Connector class="oracle.dbtools.crest.swingui.logical.TVRelation" oid="13F0EA6F-C610-2925-87A8-21CA00AE4B8B" otype="Relation" vid_source="297CDE21-41B6-6C83-5F30-FF706C005FF5" vid_target="6838455A-216C-CC5F-2E3B-CC1A268221D3">
<hideElementsInCurrentOnly>false</hideElementsInCurrentOnly>
<backgroundColor>-16777216</backgroundColor>
<lineWidth>1</lineWidth>
<points>
<point x="2096" y="378"/>
<point x="1479" y="378"/>
</points>
</Connector>
<Connector class="oracle.dbtools.crest.swingui.logical.TVRelation" oid="13F3D784-5BFF-CADB-93EB-292B531190C2" otype="Relation" vid_source="297CDE21-41B6-6C83-5F30-FF706C005FF5" vid_target="FC08907C-482C-583A-6DF1-7FB1962033C7">
<hideElementsInCurrentOnly>false</hideElementsInCurrentOnly>
<backgroundColor>-16777216</backgroundColor>
<lineWidth>1</lineWidth>
<points>
<point x="2219" y="291"/>
<point x="2219" y="231"/>
</points>
</Connector>
<Connector class="oracle.dbtools.crest.swingui.logical.TVRelation" oid="15DAB466-98D8-154E-F996-96C514168CFB" otype="Relation" vid_source="FC59F656-4F8E-0E03-761D-2BDC6E61B03E" vid_target="6838455A-216C-CC5F-2E3B-CC1A268221D3">
<hideElementsInCurrentOnly>false</hideElementsInCurrentOnly>
<backgroundColor>-16777216</backgroundColor>
<lineWidth>1</lineWidth>
<points>
<point x="1286" y="570"/>
<point x="1286" y="453"/>
</points>
</Connector>
<Connector class="oracle.dbtools.crest.swingui.logical.TVRelation" oid="16AE8D33-6CEE-D546-A21C-D3B3851E18D1" otype="Relation" vid_source="297CDE21-41B6-6C83-5F30-FF706C005FF5" vid_target="188C1379-49B5-AE38-851B-A781488F7BC6">
<hideElementsInCurrentOnly>false</hideElementsInCurrentOnly>
<backgroundColor>-16777216</backgroundColor>
<lineWidth>1</lineWidth>
<points>
<point x="2096" y="463"/>
<point x="1989" y="529"/>
</points>
</Connector>
<Connector class="oracle.dbtools.crest.swingui.logical.TVRelation" oid="27A932F6-F6C8-7ECB-5A5B-B6E86630EC3A" otype="Relation" vid_source="4E1DD83B-5F28-F1CD-E3D8-5C1A7100BF00" vid_target="BA64667E-38EF-89EE-DF71-3F6410FB89CE">
<hideElementsInCurrentOnly>false</hideElementsInCurrentOnly>
<backgroundColor>-16777216</backgroundColor>
<lineWidth>1</lineWidth>
<points>
<point x="1968" y="824"/>
<point x="2097" y="824"/>
</points>
</Connector>
<Connector class="oracle.dbtools.crest.swingui.logical.TVRelation" oid="54309D7F-71BB-14C0-023C-5D8E32A5A75D" otype="Relation" vid_source="2F56A6F4-9345-9898-F031-2A510D9660AA" vid_target="86D12272-7F95-7058-D636-B1ACF9A940F3">
<hideElementsInCurrentOnly>false</hideElementsInCurrentOnly>
<backgroundColor>-16777216</backgroundColor>
<lineWidth>1</lineWidth>
<points>
<point x="2855" y="279"/>
<point x="2855" y="401"/>
</points>
</Connector>
<Connector class="oracle.dbtools.crest.swingui.logical.TVRelation" oid="5449C1E3-DA93-E879-4507-6787DE736697" otype="Relation" vid_source="297CDE21-41B6-6C83-5F30-FF706C005FF5" vid_target="7F3CB479-383A-6DCB-D424-463D07450265">
<hideElementsInCurrentOnly>false</hideElementsInCurrentOnly>
<backgroundColor>-16777216</backgroundColor>
<lineWidth>1</lineWidth>
<points>
<point x="2096" y="423"/>
<point x="1682" y="552"/>
</points>
</Connector>
<Connector class="oracle.dbtools.crest.swingui.logical.TVRelation" oid="5E477059-C4AE-A0EE-865E-D4353D83FCBE" otype="Relation" vid_source="7BE6F101-32E7-A4CA-634B-A82C1E0A8F39" vid_target="86D12272-7F95-7058-D636-B1ACF9A940F3">
<hideElementsInCurrentOnly>false</hideElementsInCurrentOnly>
<backgroundColor>-16777216</backgroundColor>
<lineWidth>1</lineWidth>
<points>
<point x="3100" y="540"/>
<point x="3020" y="540"/>
</points>
</Connector>
<Connector class="oracle.dbtools.crest.swingui.logical.TVRelation" oid="6AACAAA9-8335-675D-46C4-AA4A0B3D57CB" otype="Relation" vid_source="232A7016-CCA9-99D0-312E-6831C26720EF" vid_target="86D12272-7F95-7058-D636-B1ACF9A940F3">
<hideElementsInCurrentOnly>false</hideElementsInCurrentOnly>
<backgroundColor>-16777216</backgroundColor>
<lineWidth>1</lineWidth>
<points>
<point x="2824" y="929"/>
<point x="2824" y="551"/>
</points>
</Connector>
<Connector class="oracle.dbtools.crest.swingui.logical.TVRelation" oid="72C97F68-AD22-B0DF-44BC-61C746AD64C7" otype="Relation" vid_source="AD11AE01-3419-172B-BD29-6F5E82F44F49" vid_target="297CDE21-41B6-6C83-5F30-FF706C005FF5">
<hideElementsInCurrentOnly>false</hideElementsInCurrentOnly>
<backgroundColor>-16777216</backgroundColor>
<lineWidth>1</lineWidth>
<points>
<point x="2451" y="342"/>
<point x="2371" y="342"/>
</points>
</Connector>
<Connector class="oracle.dbtools.crest.swingui.logical.TVRelation" oid="7742F227-CDE7-639C-0E16-5418001B8AEF" otype="Relation" vid_source="BA64667E-38EF-89EE-DF71-3F6410FB89CE" vid_target="297CDE21-41B6-6C83-5F30-FF706C005FF5">
<hideElementsInCurrentOnly>false</hideElementsInCurrentOnly>
<backgroundColor>-16777216</backgroundColor>
<lineWidth>1</lineWidth>
<points>
<point x="2220" y="529"/>
<point x="2220" y="469"/>
</points>
</Connector>
<Connector class="oracle.dbtools.crest.swingui.logical.TVRelation" oid="7E6E2021-9505-EC0D-91FB-1C32A26D7FD2" otype="Relation" vid_source="1EF83082-5DDC-BA2C-355F-73C850AA1550" vid_target="BA64667E-38EF-89EE-DF71-3F6410FB89CE">
<hideElementsInCurrentOnly>false</hideElementsInCurrentOnly>
<backgroundColor>-16777216</backgroundColor>
<lineWidth>1</lineWidth>
<points>
<point x="2203" y="893"/>
<point x="2203" y="833"/>
</points>
</Connector>
<Connector class="oracle.dbtools.crest.swingui.logical.TVRelation" oid="95D6A9CD-BB50-7360-2DE5-1D9337E8CC9D" otype="Relation" vid_source="9078BAA1-2898-498D-58C3-33090BBCBD71" vid_target="BA64667E-38EF-89EE-DF71-3F6410FB89CE">
<hideElementsInCurrentOnly>false</hideElementsInCurrentOnly>
<backgroundColor>-16777216</backgroundColor>
<lineWidth>1</lineWidth>
<points>
<point x="2424" y="587"/>
<point x="2344" y="587"/>
</points>
</Connector>
<Connector class="oracle.dbtools.crest.swingui.logical.TVRelation" oid="997135F1-C63A-55C8-4DA5-D60E94937091" otype="Relation" vid_source="E221354B-29F8-96AB-C0E7-5337B9D1DA71" vid_target="9078BAA1-2898-498D-58C3-33090BBCBD71">
<hideElementsInCurrentOnly>false</hideElementsInCurrentOnly>
<backgroundColor>-16777216</backgroundColor>
<lineWidth>1</lineWidth>
<points>
<point x="2525" y="717"/>
<point x="2525" y="645"/>
</points>
</Connector>
<Connector class="oracle.dbtools.crest.swingui.logical.TVRelation" oid="B8D1AC3A-875D-BDF1-FDC1-68322B7A3A7E" otype="Relation" vid_source="86D12272-7F95-7058-D636-B1ACF9A940F3" vid_target="297CDE21-41B6-6C83-5F30-FF706C005FF5">
<hideElementsInCurrentOnly>false</hideElementsInCurrentOnly>
<backgroundColor>-16777216</backgroundColor>
<lineWidth>1</lineWidth>
<points>
<point x="2711" y="435"/>
<point x="2371" y="435"/>
</points>
</Connector>
<Connector class="oracle.dbtools.crest.swingui.logical.TVRelation" oid="C117FFDE-10D7-2E5B-CB36-2A5B25CB6AEB" otype="Relation" vid_source="C0A4B43E-9A59-BA57-235F-3410C5475159" vid_target="E221354B-29F8-96AB-C0E7-5337B9D1DA71">
<hideElementsInCurrentOnly>false</hideElementsInCurrentOnly>
<backgroundColor>-16777216</backgroundColor>
<lineWidth>1</lineWidth>
<points>
<point x="2543" y="856"/>
<point x="2543" y="827"/>
</points>
</Connector>
<Connector class="oracle.dbtools.crest.swingui.logical.TVRelation" oid="C1FBF68B-6553-AA58-3553-76B330B46D14" otype="Relation" vid_source="232A7016-CCA9-99D0-312E-6831C26720EF" vid_target="1EF83082-5DDC-BA2C-355F-73C850AA1550">
<hideElementsInCurrentOnly>false</hideElementsInCurrentOnly>
<backgroundColor>-16777216</backgroundColor>
<lineWidth>1</lineWidth>
<points>
<point x="2700" y="976"/>
<point x="2310" y="976"/>
</points>
</Connector>
<Connector class="oracle.dbtools.crest.swingui.logical.TVRelation" oid="CD1E8622-2190-1A55-813A-9B4A5CE31C7E" otype="Relation" vid_source="E221354B-29F8-96AB-C0E7-5337B9D1DA71" vid_target="BA64667E-38EF-89EE-DF71-3F6410FB89CE">
<hideElementsInCurrentOnly>false</hideElementsInCurrentOnly>
<backgroundColor>-16777216</backgroundColor>
<lineWidth>1</lineWidth>
<points>
<point x="2440" y="772"/>
<point x="2344" y="772"/>
</points>
</Connector>
<Connector class="oracle.dbtools.crest.swingui.logical.TVRelation" oid="CE0E6A2B-5DD5-A08A-1373-830F4B899E44" otype="Relation" vid_source="F9B4BC62-84B9-73A7-2130-95BCC223937D" vid_target="FC08907C-482C-583A-6DF1-7FB1962033C7">
<hideElementsInCurrentOnly>false</hideElementsInCurrentOnly>
<backgroundColor>-16777216</backgroundColor>
<lineWidth>1</lineWidth>
<points>
<point x="2423" y="125"/>
<point x="2343" y="125"/>
</points>
</Connector>
<Connector class="oracle.dbtools.crest.swingui.logical.TVRelation" oid="EEE54EA9-E477-D5D9-F76D-F8CEA30A2568" otype="Relation" vid_source="232A7016-CCA9-99D0-312E-6831C26720EF" vid_target="9078BAA1-2898-498D-58C3-33090BBCBD71">
<hideElementsInCurrentOnly>false</hideElementsInCurrentOnly>
<backgroundColor>-16777216</backgroundColor>
<lineWidth>1</lineWidth>
<points>
<point x="2780" y="929"/>
<point x="2570" y="645"/>
</points>
</Connector>
<Connector class="oracle.dbtools.crest.swingui.logical.TVRelation" oid="FDDB60F9-515F-D57E-3AB4-889DA1D0EACB" otype="Relation" vid_source="D9472A4B-FB3A-8491-AB05-FF0B40E75CCD" vid_target="188C1379-49B5-AE38-851B-A781488F7BC6">
<hideElementsInCurrentOnly>false</hideElementsInCurrentOnly>
<backgroundColor>-16777216</backgroundColor>
<lineWidth>1</lineWidth>
<points>
<point x="1888" y="690"/>
<point x="1888" y="651"/>
</points>
</Connector>
</connectors>
</Diagram>