<?xml version = '1.0' encoding = 'UTF-8'?>
<Diagram class="oracle.dbtools.crest.swingui.relational.DPVRelational" name="Relational_1" id="B021CD9B-4EA3-0B44-364C-3D3468DFB9D9">
<createdBy>User</createdBy>
<modifiedBy>User</modifiedBy>
<createdTime>2025-05-11 20:54:11 UTC</createdTime>
<autoRoute>false</autoRoute>
<boxInbox>true</boxInbox>
<showLegend>false</showLegend>
<showLabels>false</showLabels>
<showRelAttributes>false</showRelAttributes>
<gridEnabled>false</gridEnabled>
<showGrid>false</showGrid>
<diagramColor>-1</diagramColor>
<display>false</display>
<notation>1</notation>
<objectViews>
<OView class="oracle.dbtools.crest.swingui.relational.TVTable" oid="0E2BC098-92F5-8655-7C92-A2FACF99B949" otype="Table" vid="787CADCC-B96C-D970-039A-72D50C0129A3">
<hideElementsInCurrentOnly>false</hideElementsInCurrentOnly>
<bounds x="1803" y="690" width="170" height="110"/>
</OView>
<OView class="oracle.dbtools.crest.swingui.relational.TVTable" oid="12D6DA18-BE97-31F2-39FC-F133F0228EE8" otype="Table" vid="803A9DE6-4DDB-1050-510A-068FF8C7CB13">
<hideElementsInCurrentOnly>false</hideElementsInCurrentOnly>
<bounds x="1723" y="66" width="325" height="178"/>
</OView>
<OView class="oracle.dbtools.crest.swingui.relational.TVTable" oid="196DF9D4-E30D-B219-188E-DA08D79587BF" otype="Table" vid="403BB47C-4350-AB92-5F0A-39EAEC18A09B">
<hideElementsInCurrentOnly>false</hideElementsInCurrentOnly>
<bounds x="1798" y="816" width="170" height="110"/>
</OView>
<OView class="oracle.dbtools.crest.swingui.relational.TVTable" oid="4B324245-D2E9-6170-B644-B15B444440B3" otype="Table" vid="14037183-3ABE-E56C-F457-3EE04085B705">
<hideElementsInCurrentOnly>false</hideElementsInCurrentOnly>
<bounds x="2770" y="169" width="170" height="110"/>
</OView>
<OView class="oracle.dbtools.crest.swingui.relational.TVTable" oid="54B9AFBD-2EC8-08C7-BBD4-91546A99C693" otype="Table" vid="72ECAF52-0917-40F2-5DF7-685ABE5D2C5D">
<hideElementsInCurrentOnly>false</hideElementsInCurrentOnly>
<bounds x="2097" y="893" width="213" height="130"/>
</OView>
<OView class="oracle.dbtools.crest.swingui.relational.TVTable" oid="57824065-6410-7247-AD30-F4FCA559B93F" otype="Table" vid="19E8E171-C82F-B8F7-571B-AFD5B1248D6A">
<hideElementsInCurrentOnly>false</hideElementsInCurrentOnly>
<bounds x="2096" y="291" width="275" height="178"/>
</OView>
<OView class="oracle.dbtools.crest.swingui.relational.TVTable" oid="622493CB-29D5-509A-BDD5-B7C5CF80759C" otype="Table" vid="F414771D-C486-0C1E-DDEB-C8BEAC028F5B">
<hideElementsInCurrentOnly>false</hideElementsInCurrentOnly>
<bounds x="2096" y="67" width="247" height="164"/>
</OView>
<OView class="oracle.dbtools.crest.swingui.relational.TVTable" oid="843285C7-20F2-CD86-73A9-1BB5CD46E2EE" otype="Table" vid="3322E89F-06D0-DD06-9A48-676640EBC73C">
<hideElementsInCurrentOnly>false</hideElementsInCurrentOnly>
<bounds x="1762" y="529" width="254" height="122"/>
</OView>
<OView class="oracle.dbtools.crest.swingui.relational.TVTable" oid="8998FEDF-E9A0-CE33-42B2-CB525341C351" otype="Table" vid="A857C58E-0643-6E80-D95B-B388F2A50D08">
<hideElementsInCurrentOnly>false</hideElementsInCurrentOnly>
<bounds x="1189" y="303" width="290" height="150"/>
</OView>
<OView class="oracle.dbtools.crest.swingui.relational.TVTable" oid="9243FA69-6B88-A82B-883D-EDB90E0A9D62" otype="Table" vid="D5FD77EF-3D18-E26B-4729-E2DF9ACD6008">
<hideElementsInCurrentOnly>false</hideElementsInCurrentOnly>
<bounds x="2097" y="529" width="247" height="304"/>
</OView>
<OView class="oracle.dbtools.crest.swingui.relational.TVTable" oid="AD017623-5921-9B07-228B-81DF4CFC6104" otype="Table" vid="E5F2E83F-3958-1CD9-DD36-75183393EB54">
<hideElementsInCurrentOnly>false</hideElementsInCurrentOnly>
<bounds x="2424" y="529" width="207" height="116"/>
</OView>
<OView class="oracle.dbtools.crest.swingui.relational.TVTable" oid="B93FEDDA-6B30-0E16-E265-78BF99F5F014" otype="Table" vid="672701A4-C1D3-9E94-D18D-5FB46AE17B8E">
<hideElementsInCurrentOnly>false</hideElementsInCurrentOnly>
<bounds x="2451" y="291" width="201" height="102"/>
</OView>
<OView class="oracle.dbtools.crest.swingui.relational.TVTable" oid="C049AF26-4729-EBC1-0666-091B28336887" otype="Table" vid="36811E9E-4004-A112-7665-F6C9FC0EF56C">
<hideElementsInCurrentOnly>false</hideElementsInCurrentOnly>
<bounds x="2463" y="857" width="170" height="110"/>
</OView>
<OView class="oracle.dbtools.crest.swingui.relational.TVTable" oid="C5891AD4-FAEB-002A-5DC0-F1353163CFDF" otype="Table" vid="7C24CD6B-C0B3-4974-7E4D-E2C0C39BB840">
<hideElementsInCurrentOnly>false</hideElementsInCurrentOnly>
<bounds x="3100" y="529" width="223" height="74"/>
</OView>
<OView class="oracle.dbtools.crest.swingui.relational.TVTable" oid="CDF94334-04D2-AC79-CD06-362118F44483" otype="Table" vid="42F6B874-ABC4-A4E2-6507-D5B49DC954CD">
<hideElementsInCurrentOnly>false</hideElementsInCurrentOnly>
<bounds x="2711" y="401" width="309" height="150"/>
</OView>
<OView class="oracle.dbtools.crest.swingui.relational.TVTable" oid="DA4379CA-855D-0EFF-5AF2-714E4055D258" otype="Table" vid="8AA5D05F-5A7F-4CFD-5EF8-D8FCCB6B80FB">
<hideElementsInCurrentOnly>false</hideElementsInCurrentOnly>
<bounds x="2423" y="67" width="232" height="116"/>
</OView>
<OView class="oracle.dbtools.crest.swingui.relational.TVTable" oid="DAAA955E-C7C6-940D-B96A-6DB654A08870" otype="Table" vid="11CC5619-7ADB-E9E4-CA6A-DC9BA712AA18">
<hideElementsInCurrentOnly>false</hideElementsInCurrentOnly>
<bounds x="1398" y="529" width="284" height="136"/>
</OView>
<OView class="oracle.dbtools.crest.swingui.relational.TVTable" oid="E6717D1D-71E0-5DEF-F285-AE2A601B653E" otype="Table" vid="D1519365-7009-7559-85A2-F7A29CB02E29">
<hideElementsInCurrentOnly>false</hideElementsInCurrentOnly>
<bounds x="1197" y="78" width="299" height="164"/>
</OView>
<OView class="oracle.dbtools.crest.swingui.relational.TVTable" oid="EFF718E1-F0DA-D638-F488-3197AACE1163" otype="Table" vid="05E67B47-458C-5294-1438-533A76E36A35">
<hideElementsInCurrentOnly>false</hideElementsInCurrentOnly>
<bounds x="1201" y="570" width="170" height="110"/>
</OView>
<OView class="oracle.dbtools.crest.swingui.relational.TVTable" oid="FCDA6650-166A-8A43-B2CE-48956DC1E662" otype="Table" vid="44A0A045-0976-D8C2-EB75-E93BD9AD03C8">
<hideElementsInCurrentOnly>false</hideElementsInCurrentOnly>
<bounds x="2700" y="929" width="237" height="102"/>
</OView>
<OView class="oracle.dbtools.crest.swingui.relational.TVTable" oid="FDB7A64D-8332-61C2-0358-EF6C4465552C" otype="Table" vid="1435303C-3558-ADD3-A5A4-2655927027C8">
<hideElementsInCurrentOnly>false</hideElementsInCurrentOnly>
<bounds x="2440" y="717" width="170" height="110"/>
</OView>
</objectViews>
<connectors>
<Connector class="oracle.dbtools.crest.swingui.relational.TVFKRelation" oid="035A433A-C517-E4E1-5EB0-C6EE854D1D3C" otype="FKIndexAssociation" vid_source="1435303C-3558-ADD3-A5A4-2655927027C8" vid_target="E5F2E83F-3958-1CD9-DD36-75183393EB54">
<hideElementsInCurrentOnly>false</hideElementsInCurrentOnly>
<backgroundColor>-16777216</backgroundColor>
<lineWidth>1</lineWidth>
<points>
<point x="2525" y="717"/>
<point x="2525" y="645"/>
</points>
</Connector>
<Connector class="oracle.dbtools.crest.swingui.relational.TVFKRelation" oid="0696E9CF-EDBC-4F78-FF02-A837219D9994" otype="FKIndexAssociation" vid_source="E5F2E83F-3958-1CD9-DD36-75183393EB54" vid_target="D5FD77EF-3D18-E26B-4729-E2DF9ACD6008">
<hideElementsInCurrentOnly>false</hideElementsInCurrentOnly>
<backgroundColor>-16777216</backgroundColor>
<lineWidth>1</lineWidth>
<points>
<point x="2424" y="587"/>
<point x="2344" y="587"/>
</points>
</Connector>
<Connector class="oracle.dbtools.crest.swingui.relational.TVFKRelation" oid="07C95720-DBA2-ADA7-018F-3016053BA99C" otype="FKIndexAssociation" vid_source="19E8E171-C82F-B8F7-571B-AFD5B1248D6A" vid_target="D1519365-7009-7559-85A2-F7A29CB02E29">
<hideElementsInCurrentOnly>false</hideElementsInCurrentOnly>
<backgroundColor>-16777216</backgroundColor>
<lineWidth>1</lineWidth>
<points>
<point x="2096" y="345"/>
<point x="1496" y="197"/>
</points>
</Connector>
<Connector class="oracle.dbtools.crest.swingui.relational.TVFKRelation" oid="1032BEC4-78A7-2696-97AF-77B734F7D5E0" otype="FKIndexAssociation" vid_source="36811E9E-4004-A112-7665-F6C9FC0EF56C" vid_target="1435303C-3558-ADD3-A5A4-2655927027C8">
<hideElementsInCurrentOnly>false</hideElementsInCurrentOnly>
<backgroundColor>-16777216</backgroundColor>
<lineWidth>1</lineWidth>
<points>
<point x="2551" y="857"/>
<point x="2551" y="827"/>
</points>
</Connector>
<Connector class="oracle.dbtools.crest.swingui.relational.TVFKRelation" oid="1EFEB3E6-B1DC-71EA-DEBD-9645A8890726" otype="FKIndexAssociation" vid_source="1435303C-3558-ADD3-A5A4-2655927027C8" vid_target="D5FD77EF-3D18-E26B-4729-E2DF9ACD6008">
<hideElementsInCurrentOnly>false</hideElementsInCurrentOnly>
<backgroundColor>-16777216</backgroundColor>
<lineWidth>1</lineWidth>
<points>
<point x="2440" y="772"/>
<point x="2344" y="772"/>
</points>
</Connector>
<Connector class="oracle.dbtools.crest.swingui.relational.TVFKRelation" oid="349FBC8D-969A-0BD4-FBDE-0788B4CE35E0" otype="FKIndexAssociation" vid_source="19E8E171-C82F-B8F7-571B-AFD5B1248D6A" vid_target="A857C58E-0643-6E80-D95B-B388F2A50D08">
<hideElementsInCurrentOnly>false</hideElementsInCurrentOnly>
<backgroundColor>-16777216</backgroundColor>
<lineWidth>1</lineWidth>
<points>
<point x="2096" y="378"/>
<point x="1479" y="378"/>
</points>
</Connector>
<Connector class="oracle.dbtools.crest.swingui.relational.TVFKRelation" oid="4E680575-6521-84CE-D329-E2C382637615" otype="FKIndexAssociation" vid_source="787CADCC-B96C-D970-039A-72D50C0129A3" vid_target="3322E89F-06D0-DD06-9A48-676640EBC73C">
<hideElementsInCurrentOnly>false</hideElementsInCurrentOnly>
<backgroundColor>-16777216</backgroundColor>
<lineWidth>1</lineWidth>
<points>
<point x="1888" y="690"/>
<point x="1888" y="651"/>
</points>
</Connector>
<Connector class="oracle.dbtools.crest.swingui.relational.TVFKRelation" oid="4FE8D556-740E-9C7E-80B4-67ECE6960BC3" otype="FKIndexAssociation" vid_source="7C24CD6B-C0B3-4974-7E4D-E2C0C39BB840" vid_target="42F6B874-ABC4-A4E2-6507-D5B49DC954CD">
<hideElementsInCurrentOnly>false</hideElementsInCurrentOnly>
<backgroundColor>-16777216</backgroundColor>
<lineWidth>1</lineWidth>
<points>
<point x="3100" y="540"/>
<point x="3020" y="540"/>
</points>
</Connector>
<Connector class="oracle.dbtools.crest.swingui.relational.TVFKRelation" oid="55E69BEF-DAD0-9849-C60A-4A412153E27F" otype="FKIndexAssociation" vid_source="19E8E171-C82F-B8F7-571B-AFD5B1248D6A" vid_target="11CC5619-7ADB-E9E4-CA6A-DC9BA712AA18">
<hideElementsInCurrentOnly>false</hideElementsInCurrentOnly>
<backgroundColor>-16777216</backgroundColor>
<lineWidth>1</lineWidth>
<points>
<point x="2096" y="423"/>
<point x="1682" y="552"/>
</points>
</Connector>
<Connector class="oracle.dbtools.crest.swingui.relational.TVFKRelation" oid="79DFCB61-E206-8E38-3F4F-72410D51E591" otype="FKIndexAssociation" vid_source="403BB47C-4350-AB92-5F0A-39EAEC18A09B" vid_target="D5FD77EF-3D18-E26B-4729-E2DF9ACD6008">
<hideElementsInCurrentOnly>false</hideElementsInCurrentOnly>
<backgroundColor>-16777216</backgroundColor>
<lineWidth>1</lineWidth>
<points>
<point x="1968" y="824"/>
<point x="2097" y="824"/>
</points>
</Connector>
<Connector class="oracle.dbtools.crest.swingui.relational.TVFKRelation" oid="9BC5938C-9530-7D3B-88F5-398ED3114B8F" otype="FKIndexAssociation" vid_source="19E8E171-C82F-B8F7-571B-AFD5B1248D6A" vid_target="F414771D-C486-0C1E-DDEB-C8BEAC028F5B">
<hideElementsInCurrentOnly>false</hideElementsInCurrentOnly>
<backgroundColor>-16777216</backgroundColor>
<lineWidth>1</lineWidth>
<points>
<point x="2219" y="291"/>
<point x="2219" y="231"/>
</points>
</Connector>
<Connector class="oracle.dbtools.crest.swingui.relational.TVFKRelation" oid="AFC9891B-96C1-CDB6-B0A1-BB2CDE9C94D2" otype="FKIndexAssociation" vid_source="44A0A045-0976-D8C2-EB75-E93BD9AD03C8" vid_target="42F6B874-ABC4-A4E2-6507-D5B49DC954CD">
<hideElementsInCurrentOnly>false</hideElementsInCurrentOnly>
<backgroundColor>-16777216</backgroundColor>
<lineWidth>1</lineWidth>
<points>
<point x="2824" y="929"/>
<point x="2824" y="551"/>
</points>
</Connector>
<Connector class="oracle.dbtools.crest.swingui.relational.TVFKRelation" oid="B0D43C08-EDF1-8A7E-1A76-391F8C0D6B87" otype="FKIndexAssociation" vid_source="19E8E171-C82F-B8F7-571B-AFD5B1248D6A" vid_target="803A9DE6-4DDB-1050-510A-068FF8C7CB13">
<hideElementsInCurrentOnly>false</hideElementsInCurrentOnly>
<backgroundColor>-16777216</backgroundColor>
<lineWidth>1</lineWidth>
<points>
<point x="2096" y="291"/>
<point x="2023" y="244"/>
</points>
</Connector>
<Connector class="oracle.dbtools.crest.swingui.relational.TVFKRelation" oid="B8B7073D-1338-1B5A-D4E0-FD39B9B666D5" otype="FKIndexAssociation" vid_source="05E67B47-458C-5294-1438-533A76E36A35" vid_target="A857C58E-0643-6E80-D95B-B388F2A50D08">
<hideElementsInCurrentOnly>false</hideElementsInCurrentOnly>
<backgroundColor>-16777216</backgroundColor>
<lineWidth>1</lineWidth>
<points>
<point x="1286" y="570"/>
<point x="1286" y="453"/>
</points>
</Connector>
<Connector class="oracle.dbtools.crest.swingui.relational.TVFKRelation" oid="C58EE739-E178-A5ED-8AFA-F9DCA6AD32CD" otype="FKIndexAssociation" vid_source="19E8E171-C82F-B8F7-571B-AFD5B1248D6A" vid_target="3322E89F-06D0-DD06-9A48-676640EBC73C">
<hideElementsInCurrentOnly>false</hideElementsInCurrentOnly>
<backgroundColor>-16777216</backgroundColor>
<lineWidth>1</lineWidth>
<points>
<point x="2096" y="463"/>
<point x="1989" y="529"/>
</points>
</Connector>
<Connector class="oracle.dbtools.crest.swingui.relational.TVFKRelation" oid="CC33171F-4DAF-A11F-A307-114FAF10375A" otype="FKIndexAssociation" vid_source="14037183-3ABE-E56C-F457-3EE04085B705" vid_target="42F6B874-ABC4-A4E2-6507-D5B49DC954CD">
<hideElementsInCurrentOnly>false</hideElementsInCurrentOnly>
<backgroundColor>-16777216</backgroundColor>
<lineWidth>1</lineWidth>
<points>
<point x="2855" y="279"/>
<point x="2855" y="401"/>
</points>
</Connector>
<Connector class="oracle.dbtools.crest.swingui.relational.TVFKRelation" oid="D01D444A-B7E1-DD7E-81AB-C7A6535917FB" otype="FKIndexAssociation" vid_source="8AA5D05F-5A7F-4CFD-5EF8-D8FCCB6B80FB" vid_target="F414771D-C486-0C1E-DDEB-C8BEAC028F5B">
<hideElementsInCurrentOnly>false</hideElementsInCurrentOnly>
<backgroundColor>-16777216</backgroundColor>
<lineWidth>1</lineWidth>
<points>
<point x="2423" y="125"/>
<point x="2343" y="125"/>
</points>
</Connector>
<Connector class="oracle.dbtools.crest.swingui.relational.TVFKRelation" oid="E4F4FF47-B1CE-FB77-07D8-E0AC84BCA1D2" otype="FKIndexAssociation" vid_source="44A0A045-0976-D8C2-EB75-E93BD9AD03C8" vid_target="E5F2E83F-3958-1CD9-DD36-75183393EB54">
<hideElementsInCurrentOnly>false</hideElementsInCurrentOnly>
<backgroundColor>-16777216</backgroundColor>
<lineWidth>1</lineWidth>
<points>
<point x="2780" y="929"/>
<point x="2570" y="645"/>
</points>
</Connector>
<Connector class="oracle.dbtools.crest.swingui.relational.TVFKRelation" oid="EBDC5DE8-4434-E196-A859-23DBE77116DB" otype="FKIndexAssociation" vid_source="44A0A045-0976-D8C2-EB75-E93BD9AD03C8" vid_target="72ECAF52-0917-40F2-5DF7-685ABE5D2C5D">
<hideElementsInCurrentOnly>false</hideElementsInCurrentOnly>
<backgroundColor>-16777216</backgroundColor>
<lineWidth>1</lineWidth>
<points>
<point x="2700" y="976"/>
<point x="2310" y="976"/>
</points>
</Connector>
<Connector class="oracle.dbtools.crest.swingui.relational.TVFKRelation" oid="EC7123C2-8C7A-6D69-85E5-3528E563641B" otype="FKIndexAssociation" vid_source="D5FD77EF-3D18-E26B-4729-E2DF9ACD6008" vid_target="19E8E171-C82F-B8F7-571B-AFD5B1248D6A">
<hideElementsInCurrentOnly>false</hideElementsInCurrentOnly>
<backgroundColor>-16777216</backgroundColor>
<lineWidth>1</lineWidth>
<points>
<point x="2220" y="529"/>
<point x="2220" y="469"/>
</points>
</Connector>
<Connector class="oracle.dbtools.crest.swingui.relational.TVFKRelation" oid="F70F489D-2371-C71D-303D-4F48054CC673" otype="FKIndexAssociation" vid_source="42F6B874-ABC4-A4E2-6507-D5B49DC954CD" vid_target="19E8E171-C82F-B8F7-571B-AFD5B1248D6A">
<hideElementsInCurrentOnly>false</hideElementsInCurrentOnly>
<backgroundColor>-16777216</backgroundColor>
<lineWidth>1</lineWidth>
<points>
<point x="2711" y="435"/>
<point x="2371" y="435"/>
</points>
</Connector>
<Connector class="oracle.dbtools.crest.swingui.relational.TVFKRelation" oid="FF226179-4680-5261-2293-C770AC106C5F" otype="FKIndexAssociation" vid_source="72ECAF52-0917-40F2-5DF7-685ABE5D2C5D" vid_target="D5FD77EF-3D18-E26B-4729-E2DF9ACD6008">
<hideElementsInCurrentOnly>false</hideElementsInCurrentOnly>
<backgroundColor>-16777216</backgroundColor>
<lineWidth>1</lineWidth>
<points>
<point x="2203" y="893"/>
<point x="2203" y="833"/>
</points>
</Connector>
<Connector class="oracle.dbtools.crest.swingui.relational.TVFKRelation" oid="FFE52B8E-CCBE-E070-0A0F-C774DC1BCD74" otype="FKIndexAssociation" vid_source="672701A4-C1D3-9E94-D18D-5FB46AE17B8E" vid_target="19E8E171-C82F-B8F7-571B-AFD5B1248D6A">
<hideElementsInCurrentOnly>false</hideElementsInCurrentOnly>
<backgroundColor>-16777216</backgroundColor>
<lineWidth>1</lineWidth>
<points>
<point x="2451" y="342"/>
<point x="2371" y="342"/>
</points>
</Connector>
</connectors>
</Diagram>