<?xml version = '1.0' encoding = 'UTF-8'?>
<Table class="oracle.dbtools.crest.model.design.relational.Table" directorySegmentName="seg_0" id="54B9AFBD-2EC8-08C7-BBD4-91546A99C693" name="licenciatura">
<createdBy>User</createdBy>
<createdTime>2025-05-11 21:06:23 UTC</createdTime>
<generatorID>B4421F85-692E-2813-A38E-D65F60DE5F9A</generatorID>
<ownerDesignName>modelofinal</ownerDesignName>
<allowColumnReorder>false</allowColumnReorder>
<existDependencyGenerateInDDl>true</existDependencyGenerateInDDl>
<parsed>true</parsed>
<columns itemClass="oracle.dbtools.crest.model.design.relational.Column">
<Column name="id_licenciatura" id="727FAD50-E04A-134B-E9A8-AF69706C2741">
<createdBy>User</createdBy>
<createdTime>2025-05-11 21:06:23 UTC</createdTime>
<generatorID>0AE46DE2-BD1B-2FA5-5982-6A115FD0029D</generatorID>
<ownerDesignName>modelofinal</ownerDesignName>
<useDomainConstraints>false</useDomainConstraints>
<use>1</use>
<logicalDatatype>LOGDT011</logicalDatatype>
<ownDataTypeParameters>,,</ownDataTypeParameters>
<autoIncrementCycle>false</autoIncrementCycle>
</Column>
<Column name="nombre" id="09A46457-C37C-F859-606E-1A8ADB1CF84A">
<createdBy>User</createdBy>
<createdTime>2025-05-11 21:06:23 UTC</createdTime>
<generatorID>A200EF82-C35D-274D-EDA8-3020B79FF54F</generatorID>
<ownerDesignName>modelofinal</ownerDesignName>
<useDomainConstraints>false</useDomainConstraints>
<use>1</use>
<logicalDatatype>LOGDT024</logicalDatatype>
<dataTypeSize>300</dataTypeSize>
<ownDataTypeParameters>300,,</ownDataTypeParameters>
<autoIncrementCycle>false</autoIncrementCycle>
</Column>
<Column name="año_egreso" id="2E7F7855-B886-FB79-7BC7-F6B3D10DBF76">
<createdBy>User</createdBy>
<createdTime>2025-05-11 21:06:23 UTC</createdTime>
<generatorID>2DCD690A-125D-FB90-B44A-A435DF5874EF</generatorID>
<ownerDesignName>modelofinal</ownerDesignName>
<useDomainConstraints>false</useDomainConstraints>
<use>1</use>
<logicalDatatype>LOGDT011</logicalDatatype>
<checkConstraint>
<implementationDef dbType="Oracle Database 21c" definition="año_egreso &gt;= 1900"/>
</checkConstraint>
<ownDataTypeParameters>,,</ownDataTypeParameters>
<autoIncrementCycle>false</autoIncrementCycle>
</Column>
<Column name="promedio" id="29EE6E7B-02B6-6858-DD0C-2C02B829F684">
<createdBy>User</createdBy>
<createdTime>2025-05-11 21:06:23 UTC</createdTime>
<generatorID>40AA50BD-A588-02C2-0B76-15AEC4778B45</generatorID>
<ownerDesignName>modelofinal</ownerDesignName>
<useDomainConstraints>false</useDomainConstraints>
<use>1</use>
<logicalDatatype>LOGDT021</logicalDatatype>
<ownDataTypeParameters>,,</ownDataTypeParameters>
<autoIncrementCycle>false</autoIncrementCycle>
<listOfRanges>
<rangeDef class="oracle.dbtools.crest.model.design.constraint.AVT">
<beginValue>1</beginValue>
<endValue>7</endValue>
</rangeDef>
</listOfRanges>
</Column>
<Column name="ranking_egreso" id="6CF08FCE-AB6A-ECA8-5518-0139C19A8651">
<createdBy>User</createdBy>
<createdTime>2025-05-11 21:06:23 UTC</createdTime>
<generatorID>C36240A9-2D1C-3586-C68D-BB497BA91EF9</generatorID>
<ownerDesignName>modelofinal</ownerDesignName>
<useDomainConstraints>false</useDomainConstraints>
<use>1</use>
<logicalDatatype>LOGDT021</logicalDatatype>
<ownDataTypeParameters>,,</ownDataTypeParameters>
<autoIncrementCycle>false</autoIncrementCycle>
<listOfRanges>
<rangeDef class="oracle.dbtools.crest.model.design.constraint.AVT">
<beginValue>0</beginValue>
<endValue>100</endValue>
</rangeDef>
</listOfRanges>
</Column>
<Column name="id_universidad" id="563EB73D-9351-5287-3208-7C6E9A447873">
<createdBy>User</createdBy>
<createdTime>2025-05-11 21:06:23 UTC</createdTime>
<generatorID>D6F92C3C-D78B-18CA-7E48-AC9E506FB0A3</generatorID>
<ownerDesignName>modelofinal</ownerDesignName>
<useDomainConstraints>false</useDomainConstraints>
<use>1</use>
<logicalDatatype>LOGDT011</logicalDatatype>
<ownDataTypeParameters>,,</ownDataTypeParameters>
<previousColumn>false</previousColumn>
<autoIncrementCycle>false</autoIncrementCycle>
<associations>
<colAssociation fkAssociation="EBDC5DE8-4434-E196-A859-23DBE77116DB" referredColumn="81E001DB-B8E9-297A-2C74-29BB03A33CA6"/>
</associations>
</Column>
</columns>
<indexes itemClass="oracle.dbtools.crest.model.design.relational.Index">
<ind_PK_UK id="A091DF49-F4F0-EC41-34BA-CB273EED7A5F" name="licenciatura_PK">
<createdBy>User</createdBy>
<createdTime>2025-05-11 21:06:23 UTC</createdTime>
<generatorID>81BAAD6B-1870-BE8F-1C19-817E537A07E3</generatorID>
<ownerDesignName>modelofinal</ownerDesignName>
<pk>true</pk>
<indexState>Primary Constraint</indexState>
<isSurrogateKey>false</isSurrogateKey>
<indexColumnUsage>
<colUsage columnID="727FAD50-E04A-134B-E9A8-AF69706C2741"/>
</indexColumnUsage>
</ind_PK_UK>
<ind_PK_UK id="A1F1E124-A23D-4234-B342-249C12BE0BBE" name="licenciatura_universidad_FK">
<createdBy>User</createdBy>
<createdTime>2025-05-11 21:06:23 UTC</createdTime>
<generatorID>C1FBF68B-6553-AA58-3553-76B330B46D14</generatorID>
<ownerDesignName>modelofinal</ownerDesignName>
<indexState>Foreign Key</indexState>
<isSurrogateKey>false</isSurrogateKey>
<indexColumnUsage>
<colUsage columnID="563EB73D-9351-5287-3208-7C6E9A447873"/>
</indexColumnUsage>
</ind_PK_UK>
</indexes>
</Table>