<?xml version = '1.0' encoding = 'UTF-8'?>
<Table class="oracle.dbtools.crest.model.design.relational.Table" directorySegmentName="seg_0" id="57824065-6410-7247-AD30-F4FCA559B93F" name="postulacion">
<createdBy>User</createdBy>
<createdTime>2025-05-11 21:06:23 UTC</createdTime>
<generatorID>F44F76D5-3381-E5D7-3B05-98FCB12AC81E</generatorID>
<ownerDesignName>modelofinal</ownerDesignName>
<allowColumnReorder>false</allowColumnReorder>
<existDependencyGenerateInDDl>true</existDependencyGenerateInDDl>
<parsed>true</parsed>
<columns itemClass="oracle.dbtools.crest.model.design.relational.Column">
<Column name="id_postulacion" id="7D2FB864-08DF-0051-FC2A-328C65AF5BDF">
<createdBy>User</createdBy>
<createdTime>2025-05-11 21:06:23 UTC</createdTime>
<generatorID>8818E302-1236-2993-7462-AF7AB4073D16</generatorID>
<ownerDesignName>modelofinal</ownerDesignName>
<useDomainConstraints>false</useDomainConstraints>
<use>1</use>
<logicalDatatype>LOGDT011</logicalDatatype>
<ownDataTypeParameters>,,</ownDataTypeParameters>
<autoIncrementCycle>false</autoIncrementCycle>
</Column>
<Column name="fecha_postulacion" id="4B9B65AE-2E40-9E37-D795-956B4EBCF0FB">
<createdBy>User</createdBy>
<createdTime>2025-05-11 21:06:23 UTC</createdTime>
<generatorID>B67AEA89-FBAD-BFC9-E6D2-0A234D3B6606</generatorID>
<ownerDesignName>modelofinal</ownerDesignName>
<useDomainConstraints>false</useDomainConstraints>
<use>1</use>
<logicalDatatype>LOGDT007</logicalDatatype>
<ownDataTypeParameters>,,</ownDataTypeParameters>
<autoIncrementCycle>false</autoIncrementCycle>
</Column>
<Column name="estado_postulacion" id="35AEF6CA-9F56-C111-A4C9-75B858001F8D">
<createdBy>User</createdBy>
<createdTime>2025-05-11 21:06:23 UTC</createdTime>
<generatorID>82B598A6-BFEE-0DF3-0845-B90358B51886</generatorID>
<ownerDesignName>modelofinal</ownerDesignName>
<useDomainConstraints>false</useDomainConstraints>
<use>1</use>
<logicalDatatype>LOGDT024</logicalDatatype>
<dataTypeSize>300</dataTypeSize>
<ownDataTypeParameters>300,,</ownDataTypeParameters>
<autoIncrementCycle>false</autoIncrementCycle>
</Column>
<Column name="id_postulante" id="4F7524B2-D27C-F77B-1EC6-3FFBB6B4393C">
<createdBy>User</createdBy>
<createdTime>2025-05-11 21:06:23 UTC</createdTime>
<generatorID>55E348F6-91B0-B95E-D439-8245E39D8F2E</generatorID>
<ownerDesignName>modelofinal</ownerDesignName>
<nullsAllowed>true</nullsAllowed>
<useDomainConstraints>false</useDomainConstraints>
<use>1</use>
<logicalDatatype>LOGDT011</logicalDatatype>
<ownDataTypeParameters>,,</ownDataTypeParameters>
<previousColumn>false</previousColumn>
<autoIncrementCycle>false</autoIncrementCycle>
<associations>
<colAssociation fkAssociation="EC7123C2-8C7A-6D69-85E5-3528E563641B" referredColumn="40ECDC5B-A9AD-8171-1C63-79D755320AB4"/>
</associations>
</Column>
<Column name="id_programa" id="D3E29D21-D3E8-2DE9-C438-D6227C703AD2">
<createdBy>User</createdBy>
<createdTime>2025-05-11 21:06:23 UTC</createdTime>
<generatorID>0EE7E8B9-51FA-1253-40EB-2FE273B2F941</generatorID>
<ownerDesignName>modelofinal</ownerDesignName>
<nullsAllowed>true</nullsAllowed>
<use>0</use>
<logicalDatatype>LOGDT011</logicalDatatype>
<domain>2D120266-E700-032E-31E6-C7E96E310482</domain>
<ownDataTypeParameters>,,</ownDataTypeParameters>
<previousColumn>false</previousColumn>
<autoIncrementCycle>false</autoIncrementCycle>
<associations>
<colAssociation fkAssociation="F70F489D-2371-C71D-303D-4F48054CC673" referredColumn="84B81BB3-FC01-37CF-E241-B5274ACA0D69"/>
</associations>
</Column>
<Column name="id_concurso" id="49D8A87B-BE72-7059-A626-9DC23A6CF81C">
<createdBy>User</createdBy>
<createdTime>2025-05-11 21:06:23 UTC</createdTime>
<generatorID>142C1C2E-890B-D5C9-57AF-7C8E470ED514</generatorID>
<ownerDesignName>modelofinal</ownerDesignName>
<nullsAllowed>true</nullsAllowed>
<use>0</use>
<logicalDatatype>LOGDT011</logicalDatatype>
<domain>2D120266-E700-032E-31E6-C7E96E310482</domain>
<ownDataTypeParameters>,,</ownDataTypeParameters>
<previousColumn>false</previousColumn>
<autoIncrementCycle>false</autoIncrementCycle>
<associations>
<colAssociation fkAssociation="FFE52B8E-CCBE-E070-0A0F-C774DC1BCD74" referredColumn="6BC5A75E-E973-5CFB-C42C-45C9BC604CCE"/>
</associations>
</Column>
</columns>
<indexes itemClass="oracle.dbtools.crest.model.design.relational.Index">
<ind_PK_UK id="49D530F3-18B9-BC90-DC32-E4BD90A5B6B7" name="postulacion_PK">
<createdBy>User</createdBy>
<createdTime>2025-05-11 21:06:23 UTC</createdTime>
<generatorID>21C48BA2-8718-3075-F9C8-28F3238F85E3</generatorID>
<ownerDesignName>modelofinal</ownerDesignName>
<pk>true</pk>
<indexState>Primary Constraint</indexState>
<isSurrogateKey>false</isSurrogateKey>
<indexColumnUsage>
<colUsage columnID="7D2FB864-08DF-0051-FC2A-328C65AF5BDF"/>
</indexColumnUsage>
</ind_PK_UK>
<ind_PK_UK id="4EF1C9B9-991D-5411-525D-4A34309D8049" name="postulacion_concurso_FK">
<createdBy>User</createdBy>
<createdTime>2025-05-11 21:06:23 UTC</createdTime>
<generatorID>72C97F68-AD22-B0DF-44BC-61C746AD64C7</generatorID>
<ownerDesignName>modelofinal</ownerDesignName>
<indexState>Foreign Key</indexState>
<isSurrogateKey>false</isSurrogateKey>
<indexColumnUsage>
<colUsage columnID="49D8A87B-BE72-7059-A626-9DC23A6CF81C"/>
</indexColumnUsage>
</ind_PK_UK>
<ind_PK_UK id="FF31C913-07B2-A525-923D-2E6F3D0E3C0F" name="postulacion_postulante_FK">
<createdBy>User</createdBy>
<createdTime>2025-05-11 21:06:23 UTC</createdTime>
<generatorID>7742F227-CDE7-639C-0E16-5418001B8AEF</generatorID>
<ownerDesignName>modelofinal</ownerDesignName>
<indexState>Foreign Key</indexState>
<isSurrogateKey>false</isSurrogateKey>
<indexColumnUsage>
<colUsage columnID="4F7524B2-D27C-F77B-1EC6-3FFBB6B4393C"/>
</indexColumnUsage>
</ind_PK_UK>
<ind_PK_UK id="EFBC9DEF-0CCD-C47A-B795-662C1F53BC89" name="postulacion_programa_magister_FK">
<createdBy>User</createdBy>
<createdTime>2025-05-11 21:06:23 UTC</createdTime>
<generatorID>B8D1AC3A-875D-BDF1-FDC1-68322B7A3A7E</generatorID>
<ownerDesignName>modelofinal</ownerDesignName>
<indexState>Foreign Key</indexState>
<isSurrogateKey>false</isSurrogateKey>
<indexColumnUsage>
<colUsage columnID="D3E29D21-D3E8-2DE9-C438-D6227C703AD2"/>
</indexColumnUsage>
</ind_PK_UK>
</indexes>
</Table>