<?xml version = '1.0' encoding = 'UTF-8'?>
<Table class="oracle.dbtools.crest.model.design.relational.Table" directorySegmentName="seg_0" id="622493CB-29D5-509A-BDD5-B7C5CF80759C" name="evaluacion">
<createdBy>User</createdBy>
<createdTime>2025-05-11 21:06:23 UTC</createdTime>
<generatorID>9E96987F-E1B1-27DA-B210-9DF605A09229</generatorID>
<ownerDesignName>modelofinal</ownerDesignName>
<allowColumnReorder>false</allowColumnReorder>
<existDependencyGenerateInDDl>true</existDependencyGenerateInDDl>
<parsed>true</parsed>
<columns itemClass="oracle.dbtools.crest.model.design.relational.Column">
<Column name="id_evaluacion" id="2B51E552-2659-381E-E9B0-374E76087C49">
<createdBy>User</createdBy>
<createdTime>2025-05-11 21:06:23 UTC</createdTime>
<generatorID>5863BCD4-7DEF-F239-F284-4E15FFA18F09</generatorID>
<ownerDesignName>modelofinal</ownerDesignName>
<useDomainConstraints>false</useDomainConstraints>
<use>1</use>
<logicalDatatype>LOGDT011</logicalDatatype>
<ownDataTypeParameters>,,</ownDataTypeParameters>
<autoIncrementCycle>false</autoIncrementCycle>
</Column>
<Column name="fecha" id="FB0F75AD-B011-B455-A1D8-8DCB8E5DAFE9">
<createdBy>User</createdBy>
<createdTime>2025-05-11 21:06:23 UTC</createdTime>
<generatorID>FCB0727B-F38D-A4A0-22EF-E983D4265127</generatorID>
<ownerDesignName>modelofinal</ownerDesignName>
<useDomainConstraints>false</useDomainConstraints>
<use>1</use>
<logicalDatatype>LOGDT007</logicalDatatype>
<ownDataTypeParameters>,,</ownDataTypeParameters>
<autoIncrementCycle>false</autoIncrementCycle>
</Column>
<Column name="puntaje" id="ACCEA1E8-3283-0B42-A22A-24FC03CAB6EC">
<createdBy>User</createdBy>
<createdTime>2025-05-11 21:06:23 UTC</createdTime>
<generatorID>E6A66771-A49A-2B86-2D7F-EED357C8F33C</generatorID>
<ownerDesignName>modelofinal</ownerDesignName>
<useDomainConstraints>false</useDomainConstraints>
<use>1</use>
<logicalDatatype>LOGDT021</logicalDatatype>
<dataTypePrecision>12</dataTypePrecision>
<dataTypeScale>2</dataTypeScale>
<ownDataTypeParameters>,12,2</ownDataTypeParameters>
<autoIncrementCycle>false</autoIncrementCycle>
</Column>
<Column name="comentario" id="5E749C26-6F49-4CB6-CC43-E6A5202E1647">
<createdBy>User</createdBy>
<createdTime>2025-05-11 21:06:23 UTC</createdTime>
<generatorID>DE338AB2-DB3D-E9BD-01F5-A989EED3DCAD</generatorID>
<ownerDesignName>modelofinal</ownerDesignName>
<useDomainConstraints>false</useDomainConstraints>
<use>1</use>
<logicalDatatype>LOGDT024</logicalDatatype>
<dataTypeSize>200</dataTypeSize>
<ownDataTypeParameters>200,,</ownDataTypeParameters>
<autoIncrementCycle>false</autoIncrementCycle>
</Column>
<Column name="id_postulacion" id="34DAC948-A5A6-8273-242E-F7C0B78E9830">
<createdBy>User</createdBy>
<createdTime>2025-05-11 21:06:23 UTC</createdTime>
<generatorID>01A67190-DA3B-A740-ADBA-4A37BD892E02</generatorID>
<ownerDesignName>modelofinal</ownerDesignName>
<nullsAllowed>true</nullsAllowed>
<useDomainConstraints>false</useDomainConstraints>
<use>1</use>
<logicalDatatype>LOGDT011</logicalDatatype>
<ownDataTypeParameters>,,</ownDataTypeParameters>
<previousColumn>false</previousColumn>
<autoIncrementCycle>false</autoIncrementCycle>
<associations>
<colAssociation fkAssociation="9BC5938C-9530-7D3B-88F5-398ED3114B8F" referredColumn="7D2FB864-08DF-0051-FC2A-328C65AF5BDF"/>
</associations>
</Column>
<Column name="id_evaluador" id="AFBC3071-F495-8A6C-FCB6-18F00257845B">
<createdBy>User</createdBy>
<createdTime>2025-05-11 21:06:23 UTC</createdTime>
<generatorID>2D09C725-496F-DB7B-7EA4-98D2CA6FF8DA</generatorID>
<ownerDesignName>modelofinal</ownerDesignName>
<nullsAllowed>true</nullsAllowed>
<useDomainConstraints>false</useDomainConstraints>
<use>1</use>
<logicalDatatype>LOGDT011</logicalDatatype>
<ownDataTypeParameters>,,</ownDataTypeParameters>
<previousColumn>false</previousColumn>
<autoIncrementCycle>false</autoIncrementCycle>
<associations>
<colAssociation fkAssociation="D01D444A-B7E1-DD7E-81AB-C7A6535917FB" referredColumn="8F7EAAAA-54D3-9231-C5CC-3E101F843219"/>
</associations>
</Column>
</columns>
<indexes itemClass="oracle.dbtools.crest.model.design.relational.Index">
<ind_PK_UK id="59933D58-3998-148A-3FEF-4C1E9FD81A79" name="evaluacion_PK">
<createdBy>User</createdBy>
<createdTime>2025-05-11 21:06:23 UTC</createdTime>
<generatorID>ACBE7801-D530-2A8A-5C27-2641335CFC8F</generatorID>
<ownerDesignName>modelofinal</ownerDesignName>
<pk>true</pk>
<indexState>Primary Constraint</indexState>
<isSurrogateKey>false</isSurrogateKey>
<indexColumnUsage>
<colUsage columnID="2B51E552-2659-381E-E9B0-374E76087C49"/>
</indexColumnUsage>
</ind_PK_UK>
<ind_PK_UK id="49A6319F-FC57-5475-0490-2432BEFDE6D2" name="evaluacion_evaluador_FK">
<createdBy>User</createdBy>
<createdTime>2025-05-11 21:06:23 UTC</createdTime>
<generatorID>CE0E6A2B-5DD5-A08A-1373-830F4B899E44</generatorID>
<ownerDesignName>modelofinal</ownerDesignName>
<indexState>Foreign Key</indexState>
<isSurrogateKey>false</isSurrogateKey>
<indexColumnUsage>
<colUsage columnID="AFBC3071-F495-8A6C-FCB6-18F00257845B"/>
</indexColumnUsage>
</ind_PK_UK>
<ind_PK_UK id="78412D38-E430-A30E-EA7A-0220FE0952C4" name="evaluacion_postulacion_FK">
<createdBy>User</createdBy>
<createdTime>2025-05-11 21:06:23 UTC</createdTime>
<generatorID>13F3D784-5BFF-CADB-93EB-292B531190C2</generatorID>
<ownerDesignName>modelofinal</ownerDesignName>
<indexState>Foreign Key</indexState>
<isSurrogateKey>false</isSurrogateKey>
<indexColumnUsage>
<colUsage columnID="34DAC948-A5A6-8273-242E-F7C0B78E9830"/>
</indexColumnUsage>
</ind_PK_UK>
</indexes>
</Table>