<?xml version = '1.0' encoding = 'UTF-8'?>
<Table class="oracle.dbtools.crest.model.design.relational.Table" directorySegmentName="seg_0" id="843285C7-20F2-CD86-73A9-1BB5CD46E2EE" name="bonificacion">
<createdBy>User</createdBy>
<createdTime>2025-05-11 21:06:23 UTC</createdTime>
<generatorID>111DE248-E54E-2D30-68C9-85A99B538F5A</generatorID>
<ownerDesignName>modelofinal</ownerDesignName>
<allowColumnReorder>false</allowColumnReorder>
<existDependencyGenerateInDDl>true</existDependencyGenerateInDDl>
<parsed>true</parsed>
<columns itemClass="oracle.dbtools.crest.model.design.relational.Column">
<Column name="id_bonificacion" id="05359E40-D969-AF4C-B7B3-58B807BDD472">
<createdBy>User</createdBy>
<createdTime>2025-05-11 21:06:23 UTC</createdTime>
<generatorID>111E8E02-F6EE-E45A-FD00-AAA6B5CC4951</generatorID>
<ownerDesignName>modelofinal</ownerDesignName>
<useDomainConstraints>false</useDomainConstraints>
<use>1</use>
<logicalDatatype>LOGDT011</logicalDatatype>
<ownDataTypeParameters>,,</ownDataTypeParameters>
<autoIncrementCycle>false</autoIncrementCycle>
</Column>
<Column name="valor" id="72822F41-66FC-BAC3-75A2-5ED18A988B2B">
<createdBy>User</createdBy>
<createdTime>2025-05-11 21:06:23 UTC</createdTime>
<generatorID>C2512F41-3280-D820-5310-F6A4BB4E787A</generatorID>
<ownerDesignName>modelofinal</ownerDesignName>
<nullsAllowed>true</nullsAllowed>
<useDomainConstraints>false</useDomainConstraints>
<use>1</use>
<logicalDatatype>LOGDT020</logicalDatatype>
<dataTypePrecision>12</dataTypePrecision>
<dataTypeScale>2</dataTypeScale>
<ownDataTypeParameters>,12,2</ownDataTypeParameters>
<autoIncrementCycle>false</autoIncrementCycle>
</Column>
<Column name="id_postulacion" id="18F9EA9B-58E3-2FC1-CAC3-241F412FF75A">
<createdBy>User</createdBy>
<createdTime>2025-05-11 21:06:23 UTC</createdTime>
<generatorID>405EA377-E1C7-B518-2A09-2846395446BE</generatorID>
<ownerDesignName>modelofinal</ownerDesignName>
<nullsAllowed>true</nullsAllowed>
<useDomainConstraints>false</useDomainConstraints>
<use>1</use>
<logicalDatatype>LOGDT011</logicalDatatype>
<ownDataTypeParameters>,,</ownDataTypeParameters>
<previousColumn>false</previousColumn>
<autoIncrementCycle>false</autoIncrementCycle>
<associations>
<colAssociation fkAssociation="C58EE739-E178-A5ED-8AFA-F9DCA6AD32CD" referredColumn="7D2FB864-08DF-0051-FC2A-328C65AF5BDF"/>
</associations>
</Column>
<Column name="id_tipo_bonificacion" id="6DBB57D8-5EEF-B9A3-8EF8-41831F6716D9">
<createdBy>User</createdBy>
<createdTime>2025-05-11 21:06:23 UTC</createdTime>
<generatorID>BAC62A5F-BFD1-BC28-97EB-4C9304C047F4</generatorID>
<ownerDesignName>modelofinal</ownerDesignName>
<useDomainConstraints>false</useDomainConstraints>
<use>1</use>
<logicalDatatype>LOGDT011</logicalDatatype>
<ownDataTypeParameters>,,</ownDataTypeParameters>
<previousColumn>false</previousColumn>
<autoIncrementCycle>false</autoIncrementCycle>
<associations>
<colAssociation fkAssociation="4E680575-6521-84CE-D329-E2C382637615" referredColumn="6DC967C1-14FF-979E-EBDB-5440B09A0037"/>
</associations>
</Column>
</columns>
<indexes itemClass="oracle.dbtools.crest.model.design.relational.Index">
<ind_PK_UK id="9C53D790-1A4A-A040-A0F1-7E152BA9631E" name="bonificacion_PK">
<createdBy>User</createdBy>
<createdTime>2025-05-11 21:06:23 UTC</createdTime>
<generatorID>07F35185-F40F-D19B-6A70-96A115D73703</generatorID>
<ownerDesignName>modelofinal</ownerDesignName>
<pk>true</pk>
<indexState>Primary Constraint</indexState>
<isSurrogateKey>false</isSurrogateKey>
<indexColumnUsage>
<colUsage columnID="05359E40-D969-AF4C-B7B3-58B807BDD472"/>
</indexColumnUsage>
</ind_PK_UK>
<ind_PK_UK id="F06CBA5A-68A7-3DC1-E8C2-C0225C5B6700" name="bonificacion_postulacion_FK">
<createdBy>User</createdBy>
<createdTime>2025-05-11 21:06:23 UTC</createdTime>
<generatorID>16AE8D33-6CEE-D546-A21C-D3B3851E18D1</generatorID>
<ownerDesignName>modelofinal</ownerDesignName>
<indexState>Foreign Key</indexState>
<isSurrogateKey>false</isSurrogateKey>
<indexColumnUsage>
<colUsage columnID="18F9EA9B-58E3-2FC1-CAC3-241F412FF75A"/>
</indexColumnUsage>
</ind_PK_UK>
<ind_PK_UK id="B5180318-ACE1-46F3-E1B8-F9BAA9FCBF6E" name="bonificacion_tipo_bonificacion_FK">
<createdBy>User</createdBy>
<createdTime>2025-05-11 21:06:23 UTC</createdTime>
<generatorID>FDDB60F9-515F-D57E-3AB4-889DA1D0EACB</generatorID>
<ownerDesignName>modelofinal</ownerDesignName>
<indexState>Foreign Key</indexState>
<isSurrogateKey>false</isSurrogateKey>
<indexColumnUsage>
<colUsage columnID="6DBB57D8-5EEF-B9A3-8EF8-41831F6716D9"/>
</indexColumnUsage>
</ind_PK_UK>
</indexes>
</Table>