<?xml version = '1.0' encoding = 'UTF-8'?>
<Table class="oracle.dbtools.crest.model.design.relational.Table" directorySegmentName="seg_0" id="8998FEDF-E9A0-CE33-42B2-CB525341C351" name="documento_adjunto">
<createdBy>User</createdBy>
<createdTime>2025-05-11 21:06:23 UTC</createdTime>
<generatorID>B2D9B267-4C9B-84F1-62BD-2A1AFFC22088</generatorID>
<ownerDesignName>modelofinal</ownerDesignName>
<allowColumnReorder>false</allowColumnReorder>
<existDependencyGenerateInDDl>true</existDependencyGenerateInDDl>
<parsed>true</parsed>
<columns itemClass="oracle.dbtools.crest.model.design.relational.Column">
<Column name="id_documento" id="47A95418-8187-9460-A324-357930C9D2CE">
<createdBy>User</createdBy>
<createdTime>2025-05-11 21:06:23 UTC</createdTime>
<generatorID>55F9FF77-FFA5-BFF8-2927-3E64C3E9FA79</generatorID>
<ownerDesignName>modelofinal</ownerDesignName>
<useDomainConstraints>false</useDomainConstraints>
<use>1</use>
<logicalDatatype>LOGDT011</logicalDatatype>
<ownDataTypeParameters>,,</ownDataTypeParameters>
<autoIncrementCycle>false</autoIncrementCycle>
</Column>
<Column name="nombre_archivo" id="04E569FE-A6CD-0227-996C-2702D8B4673C">
<createdBy>User</createdBy>
<createdTime>2025-05-11 21:06:23 UTC</createdTime>
<generatorID>B404962C-9598-A0F1-E41B-552D26A0DB81</generatorID>
<ownerDesignName>modelofinal</ownerDesignName>
<useDomainConstraints>false</useDomainConstraints>
<use>1</use>
<logicalDatatype>LOGDT024</logicalDatatype>
<dataTypeSize>200</dataTypeSize>
<ownDataTypeParameters>200,,</ownDataTypeParameters>
<autoIncrementCycle>false</autoIncrementCycle>
</Column>
<Column name="ruta_archivo" id="A7E9139B-793E-A267-01FD-F24074EA16F7">
<createdBy>User</createdBy>
<createdTime>2025-05-11 21:06:23 UTC</createdTime>
<generatorID>E4EC1EE7-1655-F7E3-12A9-19C265B429DC</generatorID>
<ownerDesignName>modelofinal</ownerDesignName>
<use>0</use>
<logicalDatatype>LOGDT024</logicalDatatype>
<domain>6CDDED77-DD92-12B2-C621-AFA0243CEC2C</domain>
<ownDataTypeParameters>,,</ownDataTypeParameters>
<autoIncrementCycle>false</autoIncrementCycle>
</Column>
<Column name="fecha_subida" id="FAF1CE27-F73D-C802-1E0C-078B5198ACE3">
<createdBy>User</createdBy>
<createdTime>2025-05-11 21:06:23 UTC</createdTime>
<generatorID>02A909A0-A1E8-E8B5-FC78-069C6FCF246D</generatorID>
<ownerDesignName>modelofinal</ownerDesignName>
<useDomainConstraints>false</useDomainConstraints>
<use>1</use>
<logicalDatatype>LOGDT007</logicalDatatype>
<ownDataTypeParameters>,,</ownDataTypeParameters>
<autoIncrementCycle>false</autoIncrementCycle>
</Column>
<Column name="id_postulacion" id="710901A4-A1A1-8D7C-4440-E95048B2D91F">
<createdBy>User</createdBy>
<createdTime>2025-05-11 21:06:23 UTC</createdTime>
<generatorID>89FC3D32-9C85-F9AF-DA82-9AED96336EA6</generatorID>
<ownerDesignName>modelofinal</ownerDesignName>
<nullsAllowed>true</nullsAllowed>
<useDomainConstraints>false</useDomainConstraints>
<use>1</use>
<logicalDatatype>LOGDT011</logicalDatatype>
<ownDataTypeParameters>,,</ownDataTypeParameters>
<previousColumn>false</previousColumn>
<autoIncrementCycle>false</autoIncrementCycle>
<associations>
<colAssociation fkAssociation="349FBC8D-969A-0BD4-FBDE-0788B4CE35E0" referredColumn="7D2FB864-08DF-0051-FC2A-328C65AF5BDF"/>
</associations>
</Column>
<Column name="id_tipo_documento" id="36DC1C2B-7E44-CE12-B2CA-A6323D7CAF81">
<createdBy>User</createdBy>
<createdTime>2025-05-11 21:06:23 UTC</createdTime>
<generatorID>5A6F92CB-F34A-13A4-DEEF-75C8E47907C5</generatorID>
<ownerDesignName>modelofinal</ownerDesignName>
<useDomainConstraints>false</useDomainConstraints>
<use>1</use>
<logicalDatatype>LOGDT011</logicalDatatype>
<ownDataTypeParameters>,,</ownDataTypeParameters>
<previousColumn>false</previousColumn>
<autoIncrementCycle>false</autoIncrementCycle>
<associations>
<colAssociation fkAssociation="B8B7073D-1338-1B5A-D4E0-FD39B9B666D5" referredColumn="8F6FA4C6-C09D-CB2D-5214-31038A755A1E"/>
</associations>
</Column>
</columns>
<indexes itemClass="oracle.dbtools.crest.model.design.relational.Index">
<ind_PK_UK id="53A019F9-6D20-17CD-6851-FEF9B3B898C3" name="documento_adjunto_PK">
<createdBy>User</createdBy>
<createdTime>2025-05-11 21:06:23 UTC</createdTime>
<generatorID>C854CE37-1B2B-B278-55DC-8C812D94778D</generatorID>
<ownerDesignName>modelofinal</ownerDesignName>
<pk>true</pk>
<indexState>Primary Constraint</indexState>
<isSurrogateKey>false</isSurrogateKey>
<indexColumnUsage>
<colUsage columnID="47A95418-8187-9460-A324-357930C9D2CE"/>
</indexColumnUsage>
</ind_PK_UK>
<ind_PK_UK id="8984CDB4-B995-6AA5-3C74-072561123916" name="documento_adjunto_postulacion_FK">
<createdBy>User</createdBy>
<createdTime>2025-05-11 21:06:23 UTC</createdTime>
<generatorID>13F0EA6F-C610-2925-87A8-21CA00AE4B8B</generatorID>
<ownerDesignName>modelofinal</ownerDesignName>
<indexState>Foreign Key</indexState>
<isSurrogateKey>false</isSurrogateKey>
<indexColumnUsage>
<colUsage columnID="710901A4-A1A1-8D7C-4440-E95048B2D91F"/>
</indexColumnUsage>
</ind_PK_UK>
<ind_PK_UK id="D68DBF84-6AE7-A9E5-840F-A5D7B04AB2E3" name="documento_adjunto_tipo_documento_FK">
<createdBy>User</createdBy>
<createdTime>2025-05-11 21:06:23 UTC</createdTime>
<generatorID>15DAB466-98D8-154E-F996-96C514168CFB</generatorID>
<ownerDesignName>modelofinal</ownerDesignName>
<indexState>Foreign Key</indexState>
<isSurrogateKey>false</isSurrogateKey>
<indexColumnUsage>
<colUsage columnID="36DC1C2B-7E44-CE12-B2CA-A6323D7CAF81"/>
</indexColumnUsage>
</ind_PK_UK>
</indexes>
</Table>