<?xml version = '1.0' encoding = 'UTF-8'?>
<Table class="oracle.dbtools.crest.model.design.relational.Table" directorySegmentName="seg_0" id="9243FA69-6B88-A82B-883D-EDB90E0A9D62" name="postulante">
<createdBy>User</createdBy>
<createdTime>2025-05-11 21:06:23 UTC</createdTime>
<generatorID>AC439DE4-6369-7009-9AD6-9F28A33F053E</generatorID>
<ownerDesignName>modelofinal</ownerDesignName>
<allowColumnReorder>false</allowColumnReorder>
<existDependencyGenerateInDDl>true</existDependencyGenerateInDDl>
<parsed>true</parsed>
<columns itemClass="oracle.dbtools.crest.model.design.relational.Column">
<Column name="id_postulante" id="40ECDC5B-A9AD-8171-1C63-79D755320AB4">
<createdBy>User</createdBy>
<createdTime>2025-05-11 21:06:23 UTC</createdTime>
<generatorID>4FF980D5-7E15-B758-304B-97AA32703DE2</generatorID>
<ownerDesignName>modelofinal</ownerDesignName>
<useDomainConstraints>false</useDomainConstraints>
<use>1</use>
<logicalDatatype>LOGDT011</logicalDatatype>
<ownDataTypeParameters>,,</ownDataTypeParameters>
<autoIncrementCycle>false</autoIncrementCycle>
</Column>
<Column name="rut" id="F1B96EFD-B1FA-EC0B-73F0-C52088882AC2">
<createdBy>User</createdBy>
<createdTime>2025-05-11 21:06:23 UTC</createdTime>
<generatorID>FE0A23BD-23D1-D24F-C5FA-F2975B8F6506</generatorID>
<ownerDesignName>modelofinal</ownerDesignName>
<useDomainConstraints>false</useDomainConstraints>
<use>1</use>
<logicalDatatype>LOGDT024</logicalDatatype>
<dataTypeSize>50</dataTypeSize>
<ownDataTypeParameters>50,,</ownDataTypeParameters>
<autoIncrementCycle>false</autoIncrementCycle>
</Column>
<Column name="nombre" id="5671F6EA-324B-A9A4-0DCF-85755654695B">
<createdBy>User</createdBy>
<createdTime>2025-05-11 21:06:23 UTC</createdTime>
<generatorID>6ECA204F-A906-A2C0-4958-29925284D756</generatorID>
<ownerDesignName>modelofinal</ownerDesignName>
<useDomainConstraints>false</useDomainConstraints>
<use>1</use>
<logicalDatatype>LOGDT024</logicalDatatype>
<dataTypeSize>100</dataTypeSize>
<ownDataTypeParameters>100,,</ownDataTypeParameters>
<autoIncrementCycle>false</autoIncrementCycle>
</Column>
<Column name="apellido_paterno" id="CE2C3CA5-F32B-0E09-01DA-AD2816573E4E">
<createdBy>User</createdBy>
<createdTime>2025-05-11 21:06:23 UTC</createdTime>
<generatorID>CACF5C91-D10C-0E59-B185-2C5D9B79428C</generatorID>
<ownerDesignName>modelofinal</ownerDesignName>
<useDomainConstraints>false</useDomainConstraints>
<use>1</use>
<logicalDatatype>LOGDT024</logicalDatatype>
<dataTypeSize>100</dataTypeSize>
<ownDataTypeParameters>100,,</ownDataTypeParameters>
<autoIncrementCycle>false</autoIncrementCycle>
</Column>
<Column name="apellido_materno" id="7C672EBC-20AD-ABDA-0024-2EDA736CE39F">
<createdBy>User</createdBy>
<createdTime>2025-05-11 21:06:23 UTC</createdTime>
<generatorID>0F4851CA-1FE1-2AD5-C077-4A603D0C6DC0</generatorID>
<ownerDesignName>modelofinal</ownerDesignName>
<nullsAllowed>true</nullsAllowed>
<useDomainConstraints>false</useDomainConstraints>
<use>1</use>
<logicalDatatype>LOGDT024</logicalDatatype>
<dataTypeSize>500</dataTypeSize>
<ownDataTypeParameters>500,,</ownDataTypeParameters>
<autoIncrementCycle>false</autoIncrementCycle>
</Column>
<Column name="fecha_nacimiento" id="A8A53005-88A4-2390-5E92-903EB7CF5556">
<createdBy>User</createdBy>
<createdTime>2025-05-11 21:06:23 UTC</createdTime>
<generatorID>7F329C40-7874-26EE-65F5-788CCA9459E3</generatorID>
<ownerDesignName>modelofinal</ownerDesignName>
<useDomainConstraints>false</useDomainConstraints>
<use>1</use>
<logicalDatatype>LOGDT007</logicalDatatype>
<ownDataTypeParameters>,,</ownDataTypeParameters>
<autoIncrementCycle>false</autoIncrementCycle>
</Column>
<Column name="email" id="0EA5ADF0-6271-9594-6766-E91F7FBD6EBE">
<createdBy>User</createdBy>
<createdTime>2025-05-11 21:06:23 UTC</createdTime>
<generatorID>502383C4-AB9E-AE89-04AB-23BD34EC08D6</generatorID>
<ownerDesignName>modelofinal</ownerDesignName>
<useDomainConstraints>false</useDomainConstraints>
<use>1</use>
<logicalDatatype>LOGDT024</logicalDatatype>
<dataTypeSize>100</dataTypeSize>
<ownDataTypeParameters>100,,</ownDataTypeParameters>
<autoIncrementCycle>false</autoIncrementCycle>
</Column>
<Column name="telefono" id="3ECECE0E-26C6-B041-3F37-234254507666">
<createdBy>User</createdBy>
<createdTime>2025-05-11 21:06:23 UTC</createdTime>
<generatorID>B88002E5-FCE0-5DE9-9FEF-DDDE3BE54926</generatorID>
<ownerDesignName>modelofinal</ownerDesignName>
<nullsAllowed>true</nullsAllowed>
<use>0</use>
<logicalDatatype>LOGDT024</logicalDatatype>
<domain>149EA3C9-2FD6-E902-2931-D93861C7E15A</domain>
<ownDataTypeParameters>,,</ownDataTypeParameters>
<autoIncrementCycle>false</autoIncrementCycle>
</Column>
<Column name="direccion" id="4759F8BB-BC52-DE42-2888-A379DB85266C">
<createdBy>User</createdBy>
<createdTime>2025-05-11 21:06:23 UTC</createdTime>
<generatorID>D8AF7FC4-44DD-8FA8-E954-1C5250962141</generatorID>
<ownerDesignName>modelofinal</ownerDesignName>
<use>0</use>
<logicalDatatype>LOGDT024</logicalDatatype>
<domain>3824DC33-89DC-7B59-7449-6A9B5DADC9FB</domain>
<ownDataTypeParameters>,,</ownDataTypeParameters>
<autoIncrementCycle>false</autoIncrementCycle>
</Column>
<Column name="discapacidad" id="235369EC-BB8E-5AE0-F55B-C06C340E4DBE">
<createdBy>User</createdBy>
<createdTime>2025-05-11 21:06:23 UTC</createdTime>
<generatorID>25B0EA00-AC0C-9F89-ED4C-5F52174E5722</generatorID>
<ownerDesignName>modelofinal</ownerDesignName>
<useDomainConstraints>false</useDomainConstraints>
<use>1</use>
<logicalDatatype>LOGDT006</logicalDatatype>
<dataTypeSize>1</dataTypeSize>
<ownDataTypeParameters>1,,</ownDataTypeParameters>
<autoIncrementCycle>false</autoIncrementCycle>
</Column>
<Column name="pertenencia_etnica" id="E186121C-6ADA-63F0-735E-47B33A9F1866">
<createdBy>User</createdBy>
<createdTime>2025-05-11 21:06:23 UTC</createdTime>
<generatorID>070B6550-E33D-D506-088F-DA1FD8D350C3</generatorID>
<ownerDesignName>modelofinal</ownerDesignName>
<useDomainConstraints>false</useDomainConstraints>
<use>1</use>
<logicalDatatype>LOGDT006</logicalDatatype>
<dataTypeSize>1</dataTypeSize>
<ownDataTypeParameters>1,,</ownDataTypeParameters>
<autoIncrementCycle>false</autoIncrementCycle>
</Column>
<Column name="beca_reparacion" id="09B4E123-4858-FB56-815C-3C32D71679C6">
<createdBy>User</createdBy>
<createdTime>2025-05-11 21:06:23 UTC</createdTime>
<generatorID>84E13127-0915-4F73-88C0-56C75126C57D</generatorID>
<ownerDesignName>modelofinal</ownerDesignName>
<useDomainConstraints>false</useDomainConstraints>
<use>1</use>
<logicalDatatype>LOGDT006</logicalDatatype>
<dataTypeSize>1</dataTypeSize>
<ownDataTypeParameters>1,,</ownDataTypeParameters>
<autoIncrementCycle>false</autoIncrementCycle>
</Column>
<Column name="id_titulo" id="40A7CF93-C357-593B-47A9-908E5A639FE7">
<createdBy>User</createdBy>
<createdTime>2025-05-11 21:06:23 UTC</createdTime>
<generatorID>F24EA936-2B79-E3D0-0AC6-23D976E32AF8</generatorID>
<ownerDesignName>modelofinal</ownerDesignName>
<nullsAllowed>true</nullsAllowed>
<useDomainConstraints>false</useDomainConstraints>
<use>1</use>
<logicalDatatype>LOGDT011</logicalDatatype>
<ownDataTypeParameters>,,</ownDataTypeParameters>
<previousColumn>false</previousColumn>
<autoIncrementCycle>false</autoIncrementCycle>
<associations>
<colAssociation fkAssociation="0696E9CF-EDBC-4F78-FF02-A837219D9994" referredColumn="8145029F-9163-F339-BA26-4667EEA688FE"/>
</associations>
</Column>
<Column name="id_licenciatura" id="C7DCEC05-AD68-0C1A-52E2-F5E1C2159B24">
<createdBy>User</createdBy>
<createdTime>2025-05-11 21:06:23 UTC</createdTime>
<generatorID>2DE6CF2F-D8F0-2B7D-F98B-1EABA4605D72</generatorID>
<ownerDesignName>modelofinal</ownerDesignName>
<nullsAllowed>true</nullsAllowed>
<useDomainConstraints>false</useDomainConstraints>
<use>1</use>
<logicalDatatype>LOGDT011</logicalDatatype>
<ownDataTypeParameters>,,</ownDataTypeParameters>
<previousColumn>false</previousColumn>
<autoIncrementCycle>false</autoIncrementCycle>
<associations>
<colAssociation fkAssociation="FF226179-4680-5261-2293-C770AC106C5F" referredColumn="727FAD50-E04A-134B-E9A8-AF69706C2741"/>
</associations>
</Column>
<Column name="id_comuna" id="38A7C536-77EB-DDBE-EEA1-FE3E3859CEBB">
<createdBy>User</createdBy>
<createdTime>2025-05-11 21:06:23 UTC</createdTime>
<generatorID>29B8C109-AE03-6BB9-A8F3-C99A41015964</generatorID>
<ownerDesignName>modelofinal</ownerDesignName>
<useDomainConstraints>false</useDomainConstraints>
<use>1</use>
<logicalDatatype>LOGDT011</logicalDatatype>
<ownDataTypeParameters>,,</ownDataTypeParameters>
<previousColumn>false</previousColumn>
<autoIncrementCycle>false</autoIncrementCycle>
<associations>
<colAssociation fkAssociation="1EFEB3E6-B1DC-71EA-DEBD-9645A8890726" referredColumn="C1BCF730-DC70-743B-7F8E-50E770EBE4F6"/>
</associations>
</Column>
<Column name="id_region" id="0C08D746-F59E-E82C-C25B-8D08DC0C8F90">
<createdBy>User</createdBy>
<createdTime>2025-05-11 21:06:23 UTC</createdTime>
<generatorID>F6E9F415-D0AD-72E7-D4E6-F489CA48048E</generatorID>
<ownerDesignName>modelofinal</ownerDesignName>
<useDomainConstraints>false</useDomainConstraints>
<use>1</use>
<logicalDatatype>LOGDT011</logicalDatatype>
<ownDataTypeParameters>,,</ownDataTypeParameters>
<previousColumn>false</previousColumn>
<autoIncrementCycle>false</autoIncrementCycle>
<associations>
<colAssociation fkAssociation="1EFEB3E6-B1DC-71EA-DEBD-9645A8890726" referredColumn="51235E32-14A9-B389-7918-0C6889131DE3"/>
</associations>
</Column>
<Column name="id_nacionalidad" id="8F78A32A-E8C1-BCBB-E39F-0C2B4FDF362A">
<createdBy>User</createdBy>
<createdTime>2025-05-11 21:06:23 UTC</createdTime>
<generatorID>52757B4B-4F6F-CC57-8942-082C169B6FD9</generatorID>
<ownerDesignName>modelofinal</ownerDesignName>
<useDomainConstraints>false</useDomainConstraints>
<use>1</use>
<logicalDatatype>LOGDT011</logicalDatatype>
<ownDataTypeParameters>,,</ownDataTypeParameters>
<previousColumn>false</previousColumn>
<autoIncrementCycle>false</autoIncrementCycle>
<associations>
<colAssociation fkAssociation="79DFCB61-E206-8E38-3F4F-72410D51E591" referredColumn="28457F0B-E6D1-3025-067A-FB09E7A9500C"/>
</associations>
</Column>
</columns>
<indexes itemClass="oracle.dbtools.crest.model.design.relational.Index">
<ind_PK_UK id="E4BB5125-7718-5CAB-E9E3-8A14D3F4266C" name="postulante_PK">
<createdBy>User</createdBy>
<createdTime>2025-05-11 21:06:23 UTC</createdTime>
<generatorID>AD918529-C28D-737E-3B33-8DAA3CFD4BA9</generatorID>
<ownerDesignName>modelofinal</ownerDesignName>
<pk>true</pk>
<indexState>Primary Constraint</indexState>
<isSurrogateKey>false</isSurrogateKey>
<indexColumnUsage>
<colUsage columnID="40ECDC5B-A9AD-8171-1C63-79D755320AB4"/>
</indexColumnUsage>
</ind_PK_UK>
<ind_PK_UK id="A125AB05-CF7E-6487-ACA8-BFD0FC0BFF93" name="postulante_rut_UN">
<createdBy>User</createdBy>
<createdTime>2025-05-11 21:06:23 UTC</createdTime>
<generatorID>6C5901DA-E4AB-BED5-5F5D-3719C56E281E</generatorID>
<ownerDesignName>modelofinal</ownerDesignName>
<indexState>Unique Constraint</indexState>
<isSurrogateKey>false</isSurrogateKey>
<indexColumnUsage>
<colUsage columnID="F1B96EFD-B1FA-EC0B-73F0-C52088882AC2"/>
</indexColumnUsage>
</ind_PK_UK>
<ind_PK_UK id="426539FB-CCE4-CB0B-8458-249DDE06FD8B" name="postulante_comuna_FK">
<createdBy>User</createdBy>
<createdTime>2025-05-11 21:06:23 UTC</createdTime>
<generatorID>CD1E8622-2190-1A55-813A-9B4A5CE31C7E</generatorID>
<ownerDesignName>modelofinal</ownerDesignName>
<indexState>Foreign Key</indexState>
<isSurrogateKey>false</isSurrogateKey>
<indexColumnUsage>
<colUsage columnID="38A7C536-77EB-DDBE-EEA1-FE3E3859CEBB"/>
<colUsage columnID="0C08D746-F59E-E82C-C25B-8D08DC0C8F90"/>
</indexColumnUsage>
</ind_PK_UK>
<ind_PK_UK id="2D25BC2C-27E0-489C-85EB-5624DC3966B8" name="postulante_nacionalidad_FK">
<createdBy>User</createdBy>
<createdTime>2025-05-11 21:06:23 UTC</createdTime>
<generatorID>27A932F6-F6C8-7ECB-5A5B-B6E86630EC3A</generatorID>
<ownerDesignName>modelofinal</ownerDesignName>
<indexState>Foreign Key</indexState>
<isSurrogateKey>false</isSurrogateKey>
<indexColumnUsage>
<colUsage columnID="8F78A32A-E8C1-BCBB-E39F-0C2B4FDF362A"/>
</indexColumnUsage>
</ind_PK_UK>
<ind_PK_UK id="1B7863EC-496B-F44D-4CCA-B29E09CD8576" name="postulante_licenciatura_FK">
<createdBy>User</createdBy>
<createdTime>2025-05-11 21:06:23 UTC</createdTime>
<generatorID>7E6E2021-9505-EC0D-91FB-1C32A26D7FD2</generatorID>
<ownerDesignName>modelofinal</ownerDesignName>
<indexState>Foreign Key</indexState>
<isSurrogateKey>false</isSurrogateKey>
<indexColumnUsage>
<colUsage columnID="C7DCEC05-AD68-0C1A-52E2-F5E1C2159B24"/>
</indexColumnUsage>
</ind_PK_UK>
<ind_PK_UK id="EA16E9E5-C0F4-F1C4-016F-F0CBE0282B90" name="postulante_titulo_profesional_FK">
<createdBy>User</createdBy>
<createdTime>2025-05-11 21:06:23 UTC</createdTime>
<generatorID>95D6A9CD-BB50-7360-2DE5-1D9337E8CC9D</generatorID>
<ownerDesignName>modelofinal</ownerDesignName>
<indexState>Foreign Key</indexState>
<isSurrogateKey>false</isSurrogateKey>
<indexColumnUsage>
<colUsage columnID="40A7CF93-C357-593B-47A9-908E5A639FE7"/>
</indexColumnUsage>
</ind_PK_UK>
</indexes>
</Table>