<?xml version = '1.0' encoding = 'UTF-8'?>
<Table class="oracle.dbtools.crest.model.design.relational.Table" directorySegmentName="seg_0" id="AD017623-5921-9B07-228B-81DF4CFC6104" name="titulo_profesional">
<createdBy>User</createdBy>
<createdTime>2025-05-11 21:06:23 UTC</createdTime>
<generatorID>362A3BC3-F879-8CBF-34BB-DDAFA635105E</generatorID>
<ownerDesignName>modelofinal</ownerDesignName>
<allowColumnReorder>false</allowColumnReorder>
<existDependencyGenerateInDDl>true</existDependencyGenerateInDDl>
<parsed>true</parsed>
<columns itemClass="oracle.dbtools.crest.model.design.relational.Column">
<Column name="id_titulo" id="8145029F-9163-F339-BA26-4667EEA688FE">
<createdBy>User</createdBy>
<createdTime>2025-05-11 21:06:23 UTC</createdTime>
<generatorID>567242C2-C0BC-FFB7-20A1-AE1F95C1C490</generatorID>
<ownerDesignName>modelofinal</ownerDesignName>
<useDomainConstraints>false</useDomainConstraints>
<use>1</use>
<logicalDatatype>LOGDT011</logicalDatatype>
<ownDataTypeParameters>,,</ownDataTypeParameters>
<autoIncrementCycle>false</autoIncrementCycle>
</Column>
<Column name="nombre_titulo" id="15EA3472-ECF9-1662-6048-B1B5A485F858">
<createdBy>User</createdBy>
<createdTime>2025-05-11 21:06:23 UTC</createdTime>
<generatorID>B9BF1FD9-DCA1-AA8B-A629-B6CFA9FF86B9</generatorID>
<ownerDesignName>modelofinal</ownerDesignName>
<useDomainConstraints>false</useDomainConstraints>
<use>1</use>
<logicalDatatype>LOGDT024</logicalDatatype>
<dataTypeSize>300</dataTypeSize>
<ownDataTypeParameters>300,,</ownDataTypeParameters>
<autoIncrementCycle>false</autoIncrementCycle>
</Column>
<Column name="año_obtencion" id="AF2BF389-E2A3-F9D0-FD96-9831A23A2435">
<createdBy>User</createdBy>
<createdTime>2025-05-11 21:06:23 UTC</createdTime>
<generatorID>0822238F-CA1B-80DA-989C-DF54DCC2B794</generatorID>
<ownerDesignName>modelofinal</ownerDesignName>
<useDomainConstraints>false</useDomainConstraints>
<use>1</use>
<logicalDatatype>LOGDT007</logicalDatatype>
<checkConstraint>
<implementationDef dbType="Oracle Database 21c" definition="año_obtencion &gt;= 1900"/>
</checkConstraint>
<ownDataTypeParameters>,,</ownDataTypeParameters>
<autoIncrementCycle>false</autoIncrementCycle>
</Column>
<Column name="id_comuna" id="5661C742-D5BE-01A6-437E-831FEDBA9E76">
<createdBy>User</createdBy>
<createdTime>2025-05-11 21:06:23 UTC</createdTime>
<generatorID>1CC12DB2-0DE0-B6F3-B73D-7D44021C7645</generatorID>
<ownerDesignName>modelofinal</ownerDesignName>
<useDomainConstraints>false</useDomainConstraints>
<use>1</use>
<logicalDatatype>LOGDT011</logicalDatatype>
<ownDataTypeParameters>,,</ownDataTypeParameters>
<previousColumn>false</previousColumn>
<autoIncrementCycle>false</autoIncrementCycle>
<associations>
<colAssociation fkAssociation="035A433A-C517-E4E1-5EB0-C6EE854D1D3C" referredColumn="C1BCF730-DC70-743B-7F8E-50E770EBE4F6"/>
</associations>
</Column>
<Column name="id_region" id="EC02B626-3BE9-B905-56B1-FFF56F79BC97">
<createdBy>User</createdBy>
<createdTime>2025-05-11 21:06:23 UTC</createdTime>
<generatorID>EE23118D-8955-E46B-33AC-ABDFFA2FD5B2</generatorID>
<ownerDesignName>modelofinal</ownerDesignName>
<useDomainConstraints>false</useDomainConstraints>
<use>1</use>
<logicalDatatype>LOGDT011</logicalDatatype>
<ownDataTypeParameters>,,</ownDataTypeParameters>
<previousColumn>false</previousColumn>
<autoIncrementCycle>false</autoIncrementCycle>
<associations>
<colAssociation fkAssociation="035A433A-C517-E4E1-5EB0-C6EE854D1D3C" referredColumn="51235E32-14A9-B389-7918-0C6889131DE3"/>
</associations>
</Column>
<Column name="id_universidad" id="24E06D6A-79D4-BBEE-B224-93009B4AAE8F">
<createdBy>User</createdBy>
<createdTime>2025-05-11 21:06:23 UTC</createdTime>
<generatorID>0BDC6066-C1A1-3841-F45E-AE45535ABBC9</generatorID>
<ownerDesignName>modelofinal</ownerDesignName>
<useDomainConstraints>false</useDomainConstraints>
<use>1</use>
<logicalDatatype>LOGDT011</logicalDatatype>
<ownDataTypeParameters>,,</ownDataTypeParameters>
<previousColumn>false</previousColumn>
<autoIncrementCycle>false</autoIncrementCycle>
<associations>
<colAssociation fkAssociation="E4F4FF47-B1CE-FB77-07D8-E0AC84BCA1D2" referredColumn="81E001DB-B8E9-297A-2C74-29BB03A33CA6"/>
</associations>
</Column>
</columns>
<indexes itemClass="oracle.dbtools.crest.model.design.relational.Index">
<ind_PK_UK id="91D8813A-188A-6F6C-E6A0-16458289937A" name="titulo_profesional_PK">
<createdBy>User</createdBy>
<createdTime>2025-05-11 21:06:23 UTC</createdTime>
<generatorID>C1C7D746-6C08-2637-5C9F-3569ACD56CC8</generatorID>
<ownerDesignName>modelofinal</ownerDesignName>
<pk>true</pk>
<indexState>Primary Constraint</indexState>
<isSurrogateKey>false</isSurrogateKey>
<indexColumnUsage>
<colUsage columnID="8145029F-9163-F339-BA26-4667EEA688FE"/>
</indexColumnUsage>
</ind_PK_UK>
<ind_PK_UK id="79A9138C-D24E-E004-FDC2-E34FEA59EB42" name="titulo_profesional_comuna_FK">
<createdBy>User</createdBy>
<createdTime>2025-05-11 21:06:23 UTC</createdTime>
<generatorID>997135F1-C63A-55C8-4DA5-D60E94937091</generatorID>
<ownerDesignName>modelofinal</ownerDesignName>
<indexState>Foreign Key</indexState>
<isSurrogateKey>false</isSurrogateKey>
<indexColumnUsage>
<colUsage columnID="5661C742-D5BE-01A6-437E-831FEDBA9E76"/>
<colUsage columnID="EC02B626-3BE9-B905-56B1-FFF56F79BC97"/>
</indexColumnUsage>
</ind_PK_UK>
<ind_PK_UK id="523987E1-1B72-F91E-03E0-7EC39BFEC502" name="titulo_profesional_universidad_FK">
<createdBy>User</createdBy>
<createdTime>2025-05-11 21:06:23 UTC</createdTime>
<generatorID>EEE54EA9-E477-D5D9-F76D-F8CEA30A2568</generatorID>
<ownerDesignName>modelofinal</ownerDesignName>
<indexState>Foreign Key</indexState>
<isSurrogateKey>false</isSurrogateKey>
<indexColumnUsage>
<colUsage columnID="24E06D6A-79D4-BBEE-B224-93009B4AAE8F"/>
</indexColumnUsage>
</ind_PK_UK>
</indexes>
</Table>