<?xml version = '1.0' encoding = 'UTF-8'?>
<Table class="oracle.dbtools.crest.model.design.relational.Table" directorySegmentName="seg_0" id="B93FEDDA-6B30-0E16-E265-78BF99F5F014" name="concurso">
<createdBy>User</createdBy>
<createdTime>2025-05-11 21:06:23 UTC</createdTime>
<generatorID>BC9C3366-5DEF-FDFE-DFB2-5DFB1C8D6614</generatorID>
<ownerDesignName>modelofinal</ownerDesignName>
<allowColumnReorder>false</allowColumnReorder>
<existDependencyGenerateInDDl>true</existDependencyGenerateInDDl>
<parsed>true</parsed>
<columns itemClass="oracle.dbtools.crest.model.design.relational.Column">
<Column name="id_concurso" id="6BC5A75E-E973-5CFB-C42C-45C9BC604CCE">
<createdBy>User</createdBy>
<createdTime>2025-05-11 21:06:23 UTC</createdTime>
<generatorID>EF795047-C2D8-8643-868D-BF614C171676</generatorID>
<ownerDesignName>modelofinal</ownerDesignName>
<use>0</use>
<logicalDatatype>LOGDT011</logicalDatatype>
<domain>2D120266-E700-032E-31E6-C7E96E310482</domain>
<ownDataTypeParameters>,,</ownDataTypeParameters>
<autoIncrementCycle>false</autoIncrementCycle>
</Column>
<Column name="nombre" id="CFCA25AF-5521-C478-DB97-2A57ABB6E328">
<createdBy>User</createdBy>
<createdTime>2025-05-11 21:06:23 UTC</createdTime>
<generatorID>5E5B46E0-AC41-95A0-A557-9E37EE2D979E</generatorID>
<ownerDesignName>modelofinal</ownerDesignName>
<use>0</use>
<logicalDatatype>LOGDT024</logicalDatatype>
<domain>5B690840-3DF4-8B0D-A31F-663F25702056</domain>
<ownDataTypeParameters>,,</ownDataTypeParameters>
<autoIncrementCycle>false</autoIncrementCycle>
</Column>
<Column name="fecha_inicio" id="DFCD5D51-9A0E-BB59-C966-D68D5C85EB8B">
<createdBy>User</createdBy>
<createdTime>2025-05-11 21:06:23 UTC</createdTime>
<generatorID>59F85715-D963-8ADC-745F-751EA9BF6B2D</generatorID>
<ownerDesignName>modelofinal</ownerDesignName>
<use>0</use>
<logicalDatatype>LOGDT007</logicalDatatype>
<domain>37056993-A953-C3DD-9D81-74E35826BB8E</domain>
<ownDataTypeParameters>,,</ownDataTypeParameters>
<autoIncrementCycle>false</autoIncrementCycle>
</Column>
<Column name="fecha_fin" id="266CCD08-9951-9579-E1E5-5489426BEE10">
<createdBy>User</createdBy>
<createdTime>2025-05-11 21:06:23 UTC</createdTime>
<generatorID>500E35D8-4821-3AB7-251B-1FF33512F370</generatorID>
<ownerDesignName>modelofinal</ownerDesignName>
<nullsAllowed>true</nullsAllowed>
<use>0</use>
<logicalDatatype>LOGDT007</logicalDatatype>
<domain>37056993-A953-C3DD-9D81-74E35826BB8E</domain>
<ownDataTypeParameters>,,</ownDataTypeParameters>
<autoIncrementCycle>false</autoIncrementCycle>
</Column>
</columns>
<indexes itemClass="oracle.dbtools.crest.model.design.relational.Index">
<ind_PK_UK id="8943E186-A32D-BDD4-DE8A-D33EF851C066" name="concurso_PK">
<createdBy>User</createdBy>
<createdTime>2025-05-11 21:06:23 UTC</createdTime>
<generatorID>5BC7DCEB-E404-BF20-DF61-DF2849266F13</generatorID>
<ownerDesignName>modelofinal</ownerDesignName>
<pk>true</pk>
<indexState>Primary Constraint</indexState>
<isSurrogateKey>false</isSurrogateKey>
<indexColumnUsage>
<colUsage columnID="6BC5A75E-E973-5CFB-C42C-45C9BC604CCE"/>
</indexColumnUsage>
</ind_PK_UK>
</indexes>
</Table>