<?xml version = '1.0' encoding = 'UTF-8'?>
<Table class="oracle.dbtools.crest.model.design.relational.Table" directorySegmentName="seg_0" id="C5891AD4-FAEB-002A-5DC0-F1353163CFDF" name="subarea_ocde">
<createdBy>User</createdBy>
<createdTime>2025-05-11 21:06:23 UTC</createdTime>
<generatorID>B57DA42B-FE05-0492-B8CD-F289EE130218</generatorID>
<ownerDesignName>modelofinal</ownerDesignName>
<allowColumnReorder>false</allowColumnReorder>
<existDependencyGenerateInDDl>true</existDependencyGenerateInDDl>
<parsed>true</parsed>
<columns itemClass="oracle.dbtools.crest.model.design.relational.Column">
<Column name="id_subarea_ocde" id="005805AC-D451-F3C3-84B5-4DDC7D6DE23C">
<createdBy>User</createdBy>
<createdTime>2025-05-11 21:06:23 UTC</createdTime>
<generatorID>222254D0-6690-2AA9-E0EC-AA2CD009682B</generatorID>
<ownerDesignName>modelofinal</ownerDesignName>
<useDomainConstraints>false</useDomainConstraints>
<use>1</use>
<logicalDatatype>LOGDT011</logicalDatatype>
<ownDataTypeParameters>,,</ownDataTypeParameters>
<autoIncrementCycle>false</autoIncrementCycle>
</Column>
<Column name="nombre_subarea" id="3D6414B4-AEFE-CD1D-8488-523E1E90BB27">
<createdBy>User</createdBy>
<createdTime>2025-05-11 21:06:23 UTC</createdTime>
<generatorID>1797DED3-2572-60BA-E315-39CE08A66CDD</generatorID>
<ownerDesignName>modelofinal</ownerDesignName>
<useDomainConstraints>false</useDomainConstraints>
<use>1</use>
<logicalDatatype>LOGDT024</logicalDatatype>
<dataTypeSize>200</dataTypeSize>
<ownDataTypeParameters>200,,</ownDataTypeParameters>
<autoIncrementCycle>false</autoIncrementCycle>
</Column>
</columns>
<indexes itemClass="oracle.dbtools.crest.model.design.relational.Index">
<ind_PK_UK id="ED482134-8453-924F-A0A0-DF407E543F0C" name="subarea_ocde_PK">
<createdBy>User</createdBy>
<createdTime>2025-05-11 21:06:23 UTC</createdTime>
<generatorID>6690DE3D-F5C9-DF1F-66CB-B241ACEBE558</generatorID>
<ownerDesignName>modelofinal</ownerDesignName>
<pk>true</pk>
<indexState>Primary Constraint</indexState>
<isSurrogateKey>false</isSurrogateKey>
<indexColumnUsage>
<colUsage columnID="005805AC-D451-F3C3-84B5-4DDC7D6DE23C"/>
</indexColumnUsage>
</ind_PK_UK>
</indexes>
</Table>