<?xml version = '1.0' encoding = 'UTF-8'?>
<Table class="oracle.dbtools.crest.model.design.relational.Table" directorySegmentName="seg_0" id="CDF94334-04D2-AC79-CD06-362118F44483" name="programa_magister">
<createdBy>User</createdBy>
<createdTime>2025-05-11 21:06:23 UTC</createdTime>
<generatorID>2592A0F9-E881-1F6D-DBEC-CA849AF3D969</generatorID>
<ownerDesignName>modelofinal</ownerDesignName>
<allowColumnReorder>false</allowColumnReorder>
<existDependencyGenerateInDDl>true</existDependencyGenerateInDDl>
<parsed>true</parsed>
<columns itemClass="oracle.dbtools.crest.model.design.relational.Column">
<Column name="id_programa" id="84B81BB3-FC01-37CF-E241-B5274ACA0D69">
<createdBy>User</createdBy>
<createdTime>2025-05-11 21:06:23 UTC</createdTime>
<generatorID>507DA85A-372C-B15C-5268-D6A9E4D5FE29</generatorID>
<ownerDesignName>modelofinal</ownerDesignName>
<use>0</use>
<logicalDatatype>LOGDT011</logicalDatatype>
<domain>2D120266-E700-032E-31E6-C7E96E310482</domain>
<ownDataTypeParameters>,,</ownDataTypeParameters>
<autoIncrementCycle>false</autoIncrementCycle>
</Column>
<Column name="nombre_programa" id="3EA436D6-50BA-4E43-4FB7-D93ACF4BB0D2">
<createdBy>User</createdBy>
<createdTime>2025-05-11 21:06:23 UTC</createdTime>
<generatorID>2D8BD1BC-E18F-9850-835A-78136C23C465</generatorID>
<ownerDesignName>modelofinal</ownerDesignName>
<useDomainConstraints>false</useDomainConstraints>
<use>1</use>
<logicalDatatype>LOGDT024</logicalDatatype>
<dataTypeSize>100</dataTypeSize>
<ownDataTypeParameters>100,,</ownDataTypeParameters>
<autoIncrementCycle>false</autoIncrementCycle>
</Column>
<Column name="id_universidad" id="75B269EA-36B2-A6AE-B332-C359FB9F07D2">
<createdBy>User</createdBy>
<createdTime>2025-05-11 21:06:23 UTC</createdTime>
<generatorID>0EF613B0-32B2-A873-E0B8-D73E1C139D71</generatorID>
<ownerDesignName>modelofinal</ownerDesignName>
<nullsAllowed>true</nullsAllowed>
<useDomainConstraints>false</useDomainConstraints>
<use>1</use>
<logicalDatatype>LOGDT011</logicalDatatype>
<ownDataTypeParameters>,,</ownDataTypeParameters>
<previousColumn>false</previousColumn>
<autoIncrementCycle>false</autoIncrementCycle>
<associations>
<colAssociation fkAssociation="AFC9891B-96C1-CDB6-B0A1-BB2CDE9C94D2" referredColumn="81E001DB-B8E9-297A-2C74-29BB03A33CA6"/>
</associations>
</Column>
<Column name="id_subarea_ocde" id="667649A2-AA5D-76D8-6D55-845666881108">
<createdBy>User</createdBy>
<createdTime>2025-05-11 21:06:23 UTC</createdTime>
<generatorID>CF29C0D6-6D29-F021-F0BB-9DFE3C7E75D8</generatorID>
<ownerDesignName>modelofinal</ownerDesignName>
<nullsAllowed>true</nullsAllowed>
<useDomainConstraints>false</useDomainConstraints>
<use>1</use>
<logicalDatatype>LOGDT011</logicalDatatype>
<ownDataTypeParameters>,,</ownDataTypeParameters>
<previousColumn>false</previousColumn>
<autoIncrementCycle>false</autoIncrementCycle>
<associations>
<colAssociation fkAssociation="4FE8D556-740E-9C7E-80B4-67ECE6960BC3" referredColumn="005805AC-D451-F3C3-84B5-4DDC7D6DE23C"/>
</associations>
</Column>
<Column name="id_tipo_programa" id="2C95609F-781B-C5A5-39D9-BDDE654F949F">
<createdBy>User</createdBy>
<createdTime>2025-05-11 21:06:23 UTC</createdTime>
<generatorID>9F4E57F3-5FF2-81C4-26B5-EF776B380BBE</generatorID>
<ownerDesignName>modelofinal</ownerDesignName>
<useDomainConstraints>false</useDomainConstraints>
<use>1</use>
<logicalDatatype>LOGDT011</logicalDatatype>
<ownDataTypeParameters>,,</ownDataTypeParameters>
<previousColumn>false</previousColumn>
<autoIncrementCycle>false</autoIncrementCycle>
<associations>
<colAssociation fkAssociation="CC33171F-4DAF-A11F-A307-114FAF10375A" referredColumn="539A9D07-CCEA-3D3B-2EFF-00FD2BE0D97E"/>
</associations>
</Column>
</columns>
<indexes itemClass="oracle.dbtools.crest.model.design.relational.Index">
<ind_PK_UK id="EDFB3097-8AD0-9DBE-00D2-784A80374570" name="programa_magister_PK">
<createdBy>User</createdBy>
<createdTime>2025-05-11 21:06:23 UTC</createdTime>
<generatorID>7465B7F7-F41F-1044-1708-1C0F06E9429E</generatorID>
<ownerDesignName>modelofinal</ownerDesignName>
<pk>true</pk>
<indexState>Primary Constraint</indexState>
<isSurrogateKey>false</isSurrogateKey>
<indexColumnUsage>
<colUsage columnID="84B81BB3-FC01-37CF-E241-B5274ACA0D69"/>
</indexColumnUsage>
</ind_PK_UK>
<ind_PK_UK id="BD4B2747-C113-E97B-06CD-792B7C77A654" name="programa_magister_subarea_ocde_FK">
<createdBy>User</createdBy>
<createdTime>2025-05-11 21:06:23 UTC</createdTime>
<generatorID>5E477059-C4AE-A0EE-865E-D4353D83FCBE</generatorID>
<ownerDesignName>modelofinal</ownerDesignName>
<indexState>Foreign Key</indexState>
<isSurrogateKey>false</isSurrogateKey>
<indexColumnUsage>
<colUsage columnID="667649A2-AA5D-76D8-6D55-845666881108"/>
</indexColumnUsage>
</ind_PK_UK>
<ind_PK_UK id="3B260B3C-DE17-629C-C665-9CC94BB3268A" name="programa_magister_universidad_FK">
<createdBy>User</createdBy>
<createdTime>2025-05-11 21:06:23 UTC</createdTime>
<generatorID>6AACAAA9-8335-675D-46C4-AA4A0B3D57CB</generatorID>
<ownerDesignName>modelofinal</ownerDesignName>
<indexState>Foreign Key</indexState>
<isSurrogateKey>false</isSurrogateKey>
<indexColumnUsage>
<colUsage columnID="75B269EA-36B2-A6AE-B332-C359FB9F07D2"/>
</indexColumnUsage>
</ind_PK_UK>
<ind_PK_UK id="3129A2AF-A73A-9753-8B4F-90966315C9EB" name="programa_magister_tipo_programa_FK">
<createdBy>User</createdBy>
<createdTime>2025-05-11 21:06:23 UTC</createdTime>
<generatorID>54309D7F-71BB-14C0-023C-5D8E32A5A75D</generatorID>
<ownerDesignName>modelofinal</ownerDesignName>
<indexState>Foreign Key</indexState>
<isSurrogateKey>false</isSurrogateKey>
<indexColumnUsage>
<colUsage columnID="2C95609F-781B-C5A5-39D9-BDDE654F949F"/>
</indexColumnUsage>
</ind_PK_UK>
</indexes>
</Table>