<?xml version = '1.0' encoding = 'UTF-8'?>
<Table class="oracle.dbtools.crest.model.design.relational.Table" directorySegmentName="seg_0" id="E6717D1D-71E0-5DEF-F285-AE2A601B653E" name="carta_recomendacion">
<createdBy>User</createdBy>
<createdTime>2025-05-11 21:06:23 UTC</createdTime>
<generatorID>3E3F15C4-463E-F054-9BB7-B371A4425549</generatorID>
<ownerDesignName>modelofinal</ownerDesignName>
<allowColumnReorder>false</allowColumnReorder>
<existDependencyGenerateInDDl>true</existDependencyGenerateInDDl>
<parsed>true</parsed>
<columns itemClass="oracle.dbtools.crest.model.design.relational.Column">
<Column name="id_carta" id="F79E6D8E-D767-6528-856F-ABF179B54AB6">
<createdBy>User</createdBy>
<createdTime>2025-05-11 21:06:23 UTC</createdTime>
<generatorID>2C042158-C8AD-4574-156E-5FBEA20C5E54</generatorID>
<ownerDesignName>modelofinal</ownerDesignName>
<useDomainConstraints>false</useDomainConstraints>
<use>1</use>
<logicalDatatype>LOGDT011</logicalDatatype>
<ownDataTypeParameters>,,</ownDataTypeParameters>
<autoIncrementCycle>false</autoIncrementCycle>
</Column>
<Column name="nombre_recomendador" id="970B8BB3-099E-3156-5B4D-55D34A06140C">
<createdBy>User</createdBy>
<createdTime>2025-05-11 21:06:23 UTC</createdTime>
<generatorID>F7D23B49-4CEF-0561-7832-04BC083B215D</generatorID>
<ownerDesignName>modelofinal</ownerDesignName>
<useDomainConstraints>false</useDomainConstraints>
<use>1</use>
<logicalDatatype>LOGDT024</logicalDatatype>
<dataTypeSize>300</dataTypeSize>
<ownDataTypeParameters>300,,</ownDataTypeParameters>
<autoIncrementCycle>false</autoIncrementCycle>
</Column>
<Column name="institucion_recomendador" id="ACAA18D8-2075-0EED-218B-A7B4602F2C16">
<createdBy>User</createdBy>
<createdTime>2025-05-11 21:06:23 UTC</createdTime>
<generatorID>30AF7239-22A5-963D-32E0-09B9D5A6DB69</generatorID>
<ownerDesignName>modelofinal</ownerDesignName>
<useDomainConstraints>false</useDomainConstraints>
<use>1</use>
<logicalDatatype>LOGDT024</logicalDatatype>
<dataTypeSize>300</dataTypeSize>
<ownDataTypeParameters>300,,</ownDataTypeParameters>
<autoIncrementCycle>false</autoIncrementCycle>
</Column>
<Column name="correo" id="C89B115E-DC9E-1029-EAD0-9096E872AF70">
<createdBy>User</createdBy>
<createdTime>2025-05-11 21:06:23 UTC</createdTime>
<generatorID>51B426CE-74E5-6D9E-E4F5-275152ADFDCF</generatorID>
<ownerDesignName>modelofinal</ownerDesignName>
<useDomainConstraints>false</useDomainConstraints>
<use>1</use>
<logicalDatatype>LOGDT024</logicalDatatype>
<dataTypeSize>200</dataTypeSize>
<ownDataTypeParameters>200,,</ownDataTypeParameters>
<autoIncrementCycle>false</autoIncrementCycle>
</Column>
<Column name="fecha_emision" id="CBA278C2-6D5B-306F-DFCB-5D5AC441A883">
<createdBy>User</createdBy>
<createdTime>2025-05-11 21:06:23 UTC</createdTime>
<generatorID>105AF9D4-8D5F-010D-48F5-CBC5998B954E</generatorID>
<ownerDesignName>modelofinal</ownerDesignName>
<useDomainConstraints>false</useDomainConstraints>
<use>1</use>
<logicalDatatype>LOGDT007</logicalDatatype>
<ownDataTypeParameters>,,</ownDataTypeParameters>
<autoIncrementCycle>false</autoIncrementCycle>
</Column>
<Column name="nivel_confianza" id="C463567A-2AB6-5B2D-F3D7-9442E2036826">
<createdBy>User</createdBy>
<createdTime>2025-05-11 21:06:23 UTC</createdTime>
<generatorID>F8070964-CE18-7377-D0EF-E389F474FB54</generatorID>
<ownerDesignName>modelofinal</ownerDesignName>
<useDomainConstraints>false</useDomainConstraints>
<use>1</use>
<logicalDatatype>LOGDT024</logicalDatatype>
<dataTypeSize>200</dataTypeSize>
<ownDataTypeParameters>200,,</ownDataTypeParameters>
<autoIncrementCycle>false</autoIncrementCycle>
</Column>
<Column name="id_postulacion" id="7D3D73E1-D93E-67B1-7A7E-B6A8532674BC">
<createdBy>User</createdBy>
<createdTime>2025-05-11 21:06:23 UTC</createdTime>
<generatorID>EC2FF310-2A6F-7F2C-9687-ED0F42880391</generatorID>
<ownerDesignName>modelofinal</ownerDesignName>
<nullsAllowed>true</nullsAllowed>
<useDomainConstraints>false</useDomainConstraints>
<use>1</use>
<logicalDatatype>LOGDT011</logicalDatatype>
<ownDataTypeParameters>,,</ownDataTypeParameters>
<previousColumn>false</previousColumn>
<autoIncrementCycle>false</autoIncrementCycle>
<associations>
<colAssociation fkAssociation="07C95720-DBA2-ADA7-018F-3016053BA99C" referredColumn="7D2FB864-08DF-0051-FC2A-328C65AF5BDF"/>
</associations>
</Column>
</columns>
<indexes itemClass="oracle.dbtools.crest.model.design.relational.Index">
<ind_PK_UK id="8D9178CE-E00E-2EC6-C530-B809DDC3BEAD" name="carta_recomendacion_PK">
<createdBy>User</createdBy>
<createdTime>2025-05-11 21:06:23 UTC</createdTime>
<generatorID>5608ED67-9EA2-F77D-3607-4CE479093DA5</generatorID>
<ownerDesignName>modelofinal</ownerDesignName>
<pk>true</pk>
<indexState>Primary Constraint</indexState>
<isSurrogateKey>false</isSurrogateKey>
<indexColumnUsage>
<colUsage columnID="F79E6D8E-D767-6528-856F-ABF179B54AB6"/>
</indexColumnUsage>
</ind_PK_UK>
<ind_PK_UK id="BC00A782-E3F0-2E84-72FD-7E66A02CEF93" name="carta_recomendacion_postulacion_FK">
<createdBy>User</createdBy>
<createdTime>2025-05-11 21:06:23 UTC</createdTime>
<generatorID>12FB3441-92F7-11DD-542D-87E82CDDE56D</generatorID>
<ownerDesignName>modelofinal</ownerDesignName>
<indexState>Foreign Key</indexState>
<isSurrogateKey>false</isSurrogateKey>
<indexColumnUsage>
<colUsage columnID="7D3D73E1-D93E-67B1-7A7E-B6A8532674BC"/>
</indexColumnUsage>
</ind_PK_UK>
</indexes>
</Table>