<?xml version = '1.0' encoding = 'UTF-8'?>
<Table class="oracle.dbtools.crest.model.design.relational.Table" directorySegmentName="seg_0" id="FDB7A64D-8332-61C2-0358-EF6C4465552C" name="comuna">
<createdBy>User</createdBy>
<createdTime>2025-05-11 21:06:23 UTC</createdTime>
<generatorID>18DE82ED-21E5-B9EB-88A5-99E745B5677B</generatorID>
<ownerDesignName>modelofinal</ownerDesignName>
<allowColumnReorder>false</allowColumnReorder>
<existDependencyGenerateInDDl>true</existDependencyGenerateInDDl>
<parsed>true</parsed>
<columns itemClass="oracle.dbtools.crest.model.design.relational.Column">
<Column name="id_comuna" id="C1BCF730-DC70-743B-7F8E-50E770EBE4F6">
<createdBy>User</createdBy>
<createdTime>2025-05-11 21:06:23 UTC</createdTime>
<generatorID>B2835739-D86F-D892-B3AF-6AD5DBDC8CA1</generatorID>
<ownerDesignName>modelofinal</ownerDesignName>
<useDomainConstraints>false</useDomainConstraints>
<use>1</use>
<logicalDatatype>LOGDT011</logicalDatatype>
<ownDataTypeParameters>,,</ownDataTypeParameters>
<autoIncrementCycle>false</autoIncrementCycle>
</Column>
<Column name="nombre_comuna" id="299E6031-7A4B-A9E3-6AED-5D96BED021C3">
<createdBy>User</createdBy>
<createdTime>2025-05-11 21:06:23 UTC</createdTime>
<generatorID>D64840CC-6805-6FF6-6D5D-D61042BDCBB2</generatorID>
<ownerDesignName>modelofinal</ownerDesignName>
<useDomainConstraints>false</useDomainConstraints>
<use>1</use>
<logicalDatatype>LOGDT024</logicalDatatype>
<dataTypeSize>100</dataTypeSize>
<ownDataTypeParameters>100,,</ownDataTypeParameters>
<autoIncrementCycle>false</autoIncrementCycle>
</Column>
<Column name="id_region" id="51235E32-14A9-B389-7918-0C6889131DE3">
<createdBy>User</createdBy>
<createdTime>2025-05-11 21:06:23 UTC</createdTime>
<generatorID>61288CB3-7C08-9DB9-DCB3-D3BFBACE54ED</generatorID>
<ownerDesignName>modelofinal</ownerDesignName>
<useDomainConstraints>false</useDomainConstraints>
<use>1</use>
<logicalDatatype>LOGDT011</logicalDatatype>
<ownDataTypeParameters>,,</ownDataTypeParameters>
<previousColumn>false</previousColumn>
<autoIncrementCycle>false</autoIncrementCycle>
<associations>
<colAssociation fkAssociation="1032BEC4-78A7-2696-97AF-77B734F7D5E0" referredColumn="D7C5587C-9CA2-6C1F-15F3-9042613280C5"/>
</associations>
</Column>
</columns>
<indexes itemClass="oracle.dbtools.crest.model.design.relational.Index">
<ind_PK_UK id="0B330309-7CC4-F197-CFC1-603CFEE5E4FC" name="comuna_PK">
<createdBy>User</createdBy>
<createdTime>2025-05-11 21:06:23 UTC</createdTime>
<generatorID>14EE83D8-20E3-3327-F566-4B414D82BA6C</generatorID>
<ownerDesignName>modelofinal</ownerDesignName>
<pk>true</pk>
<indexState>Primary Constraint</indexState>
<isSurrogateKey>false</isSurrogateKey>
<indexColumnUsage>
<colUsage columnID="C1BCF730-DC70-743B-7F8E-50E770EBE4F6"/>
<colUsage columnID="51235E32-14A9-B389-7918-0C6889131DE3"/>
</indexColumnUsage>
</ind_PK_UK>
<ind_PK_UK id="D49DCF40-FE3C-1F1B-CA6A-112070CE0FC4" name="comuna_region_FK">
<createdBy>User</createdBy>
<createdTime>2025-05-11 21:06:23 UTC</createdTime>
<generatorID>C117FFDE-10D7-2E5B-CB36-2A5B25CB6AEB</generatorID>
<ownerDesignName>modelofinal</ownerDesignName>
<indexState>Foreign Key</indexState>
<isSurrogateKey>false</isSurrogateKey>
<indexColumnUsage>
<colUsage columnID="51235E32-14A9-B389-7918-0C6889131DE3"/>
</indexColumnUsage>
</ind_PK_UK>
</indexes>
</Table>