<?xml version = '1.0' encoding = 'UTF-8'?>
<FKIndexAssociation class="oracle.dbtools.crest.model.design.relational.FKIndexAssociation" directorySegmentName="seg_0" id="035A433A-C517-E4E1-5EB0-C6EE854D1D3C" containerWithKeyObject="AD017623-5921-9B07-228B-81DF4CFC6104" localFKIndex="79A9138C-D24E-E004-FDC2-E34FEA59EB42" name="titulo_profesional_comuna_FK">
<createdBy>User</createdBy>
<createdTime>2025-05-11 21:06:23 UTC</createdTime>
<generatorID>997135F1-C63A-55C8-4DA5-D60E94937091</generatorID>
<ownerDesignName>modelofinal</ownerDesignName>
<referredTableLongName>comuna</referredTableLongName>
<deleteRule>NO ACTION</deleteRule>
<referredTableID>FDB7A64D-8332-61C2-0358-EF6C4465552C</referredTableID>
<keyObject>0B330309-7CC4-F197-CFC1-603CFEE5E4FC</keyObject>
<referredKeyID>0B330309-7CC4-F197-CFC1-603CFEE5E4FC</referredKeyID>
<mandatory>true</mandatory>
<refColNames>id_comuna,id_region</refColNames>
<transferable>true</transferable>
<rely>false</rely>
<columnDependencyConstraintGenerateInDDL>true</columnDependencyConstraintGenerateInDDL>
</FKIndexAssociation>