<?xml version = '1.0' encoding = 'UTF-8'?>
<FKIndexAssociation class="oracle.dbtools.crest.model.design.relational.FKIndexAssociation" directorySegmentName="seg_0" id="0696E9CF-EDBC-4F78-FF02-A837219D9994" containerWithKeyObject="9243FA69-6B88-A82B-883D-EDB90E0A9D62" localFKIndex="EA16E9E5-C0F4-F1C4-016F-F0CBE0282B90" name="postulante_titulo_profesional_FK">
<createdBy>User</createdBy>
<createdTime>2025-05-11 21:06:23 UTC</createdTime>
<generatorID>95D6A9CD-BB50-7360-2DE5-1D9337E8CC9D</generatorID>
<ownerDesignName>modelofinal</ownerDesignName>
<referredTableLongName>titulo_profesional</referredTableLongName>
<deleteRule>NO ACTION</deleteRule>
<referredTableID>AD017623-5921-9B07-228B-81DF4CFC6104</referredTableID>
<keyObject>91D8813A-188A-6F6C-E6A0-16458289937A</keyObject>
<referredKeyID>91D8813A-188A-6F6C-E6A0-16458289937A</referredKeyID>
<mandatory>false</mandatory>
<refColNames>id_titulo</refColNames>
<transferable>true</transferable>
<rely>false</rely>
<columnDependencyConstraintGenerateInDDL>true</columnDependencyConstraintGenerateInDDL>
</FKIndexAssociation>