<?xml version = '1.0' encoding = 'UTF-8'?>
<FKIndexAssociation class="oracle.dbtools.crest.model.design.relational.FKIndexAssociation" directorySegmentName="seg_0" id="07C95720-DBA2-ADA7-018F-3016053BA99C" containerWithKeyObject="E6717D1D-71E0-5DEF-F285-AE2A601B653E" localFKIndex="BC00A782-E3F0-2E84-72FD-7E66A02CEF93" name="carta_recomendacion_postulacion_FK">
<createdBy>User</createdBy>
<createdTime>2025-05-11 21:06:23 UTC</createdTime>
<generatorID>12FB3441-92F7-11DD-542D-87E82CDDE56D</generatorID>
<ownerDesignName>modelofinal</ownerDesignName>
<referredTableLongName>postulacion</referredTableLongName>
<deleteRule>NO ACTION</deleteRule>
<referredTableID>57824065-6410-7247-AD30-F4FCA559B93F</referredTableID>
<keyObject>49D530F3-18B9-BC90-DC32-E4BD90A5B6B7</keyObject>
<referredKeyID>49D530F3-18B9-BC90-DC32-E4BD90A5B6B7</referredKeyID>
<mandatory>false</mandatory>
<refColNames>id_postulacion</refColNames>
<transferable>true</transferable>
<rely>false</rely>
<columnDependencyConstraintGenerateInDDL>true</columnDependencyConstraintGenerateInDDL>
</FKIndexAssociation>