<?xml version = '1.0' encoding = 'UTF-8'?>
<FKIndexAssociation class="oracle.dbtools.crest.model.design.relational.FKIndexAssociation" directorySegmentName="seg_0" id="1032BEC4-78A7-2696-97AF-77B734F7D5E0" containerWithKeyObject="FDB7A64D-8332-61C2-0358-EF6C4465552C" localFKIndex="D49DCF40-FE3C-1F1B-CA6A-112070CE0FC4" name="comuna_region_FK">
<createdBy>User</createdBy>
<createdTime>2025-05-11 21:06:23 UTC</createdTime>
<generatorID>C117FFDE-10D7-2E5B-CB36-2A5B25CB6AEB</generatorID>
<ownerDesignName>modelofinal</ownerDesignName>
<referredTableLongName>region</referredTableLongName>
<deleteRule>NO ACTION</deleteRule>
<referredTableID>C049AF26-4729-EBC1-0666-091B28336887</referredTableID>
<keyObject>4FBB3FE6-6AA4-F741-326A-978F8813ACF4</keyObject>
<referredKeyID>4FBB3FE6-6AA4-F741-326A-978F8813ACF4</referredKeyID>
<mandatory>true</mandatory>
<refColNames>id_region</refColNames>
<transferable>true</transferable>
<rely>false</rely>
<columnDependencyConstraintGenerateInDDL>true</columnDependencyConstraintGenerateInDDL>
</FKIndexAssociation>