<?xml version = '1.0' encoding = 'UTF-8'?>
<FKIndexAssociation class="oracle.dbtools.crest.model.design.relational.FKIndexAssociation" directorySegmentName="seg_0" id="1EFEB3E6-B1DC-71EA-DEBD-9645A8890726" containerWithKeyObject="9243FA69-6B88-A82B-883D-EDB90E0A9D62" localFKIndex="426539FB-CCE4-CB0B-8458-249DDE06FD8B" name="postulante_comuna_FK">
<createdBy>User</createdBy>
<createdTime>2025-05-11 21:06:23 UTC</createdTime>
<generatorID>CD1E8622-2190-1A55-813A-9B4A5CE31C7E</generatorID>
<ownerDesignName>modelofinal</ownerDesignName>
<referredTableLongName>comuna</referredTableLongName>
<deleteRule>NO ACTION</deleteRule>
<referredTableID>FDB7A64D-8332-61C2-0358-EF6C4465552C</referredTableID>
<keyObject>0B330309-7CC4-F197-CFC1-603CFEE5E4FC</keyObject>
<referredKeyID>0B330309-7CC4-F197-CFC1-603CFEE5E4FC</referredKeyID>
<mandatory>true</mandatory>
<refColNames>id_comuna,id_region</refColNames>
<transferable>true</transferable>
<rely>false</rely>
<columnDependencyConstraintGenerateInDDL>true</columnDependencyConstraintGenerateInDDL>
</FKIndexAssociation>