<?xml version = '1.0' encoding = 'UTF-8'?>
<FKIndexAssociation class="oracle.dbtools.crest.model.design.relational.FKIndexAssociation" directorySegmentName="seg_0" id="349FBC8D-969A-0BD4-FBDE-0788B4CE35E0" containerWithKeyObject="8998FEDF-E9A0-CE33-42B2-CB525341C351" localFKIndex="8984CDB4-B995-6AA5-3C74-072561123916" name="documento_adjunto_postulacion_FK">
<createdBy>User</createdBy>
<createdTime>2025-05-11 21:06:23 UTC</createdTime>
<generatorID>13F0EA6F-C610-2925-87A8-21CA00AE4B8B</generatorID>
<ownerDesignName>modelofinal</ownerDesignName>
<referredTableLongName>postulacion</referredTableLongName>
<deleteRule>NO ACTION</deleteRule>
<referredTableID>57824065-6410-7247-AD30-F4FCA559B93F</referredTableID>
<keyObject>49D530F3-18B9-BC90-DC32-E4BD90A5B6B7</keyObject>
<referredKeyID>49D530F3-18B9-BC90-DC32-E4BD90A5B6B7</referredKeyID>
<mandatory>false</mandatory>
<refColNames>id_postulacion</refColNames>
<transferable>true</transferable>
<rely>false</rely>
<columnDependencyConstraintGenerateInDDL>true</columnDependencyConstraintGenerateInDDL>
</FKIndexAssociation>