<?xml version = '1.0' encoding = 'UTF-8'?>
<FKIndexAssociation class="oracle.dbtools.crest.model.design.relational.FKIndexAssociation" directorySegmentName="seg_0" id="4E680575-6521-84CE-D329-E2C382637615" containerWithKeyObject="843285C7-20F2-CD86-73A9-1BB5CD46E2EE" localFKIndex="B5180318-ACE1-46F3-E1B8-F9BAA9FCBF6E" name="bonificacion_tipo_bonificacion_FK">
<createdBy>User</createdBy>
<createdTime>2025-05-11 21:06:23 UTC</createdTime>
<generatorID>FDDB60F9-515F-D57E-3AB4-889DA1D0EACB</generatorID>
<ownerDesignName>modelofinal</ownerDesignName>
<referredTableLongName>tipo_bonificacion</referredTableLongName>
<deleteRule>NO ACTION</deleteRule>
<referredTableID>0E2BC098-92F5-8655-7C92-A2FACF99B949</referredTableID>
<keyObject>DCB6221F-9862-F0E9-F04C-D1CD522FE6C8</keyObject>
<referredKeyID>DCB6221F-9862-F0E9-F04C-D1CD522FE6C8</referredKeyID>
<mandatory>true</mandatory>
<refColNames>id_tipo_bonificacion</refColNames>
<transferable>true</transferable>
<rely>false</rely>
<columnDependencyConstraintGenerateInDDL>true</columnDependencyConstraintGenerateInDDL>
</FKIndexAssociation>