<?xml version = '1.0' encoding = 'UTF-8'?>
<FKIndexAssociation class="oracle.dbtools.crest.model.design.relational.FKIndexAssociation" directorySegmentName="seg_0" id="4FE8D556-740E-9C7E-80B4-67ECE6960BC3" containerWithKeyObject="CDF94334-04D2-AC79-CD06-362118F44483" localFKIndex="BD4B2747-C113-E97B-06CD-792B7C77A654" name="programa_magister_subarea_ocde_FK">
<createdBy>User</createdBy>
<createdTime>2025-05-11 21:06:23 UTC</createdTime>
<generatorID>5E477059-C4AE-A0EE-865E-D4353D83FCBE</generatorID>
<ownerDesignName>modelofinal</ownerDesignName>
<referredTableLongName>subarea_ocde</referredTableLongName>
<deleteRule>NO ACTION</deleteRule>
<referredTableID>C5891AD4-FAEB-002A-5DC0-F1353163CFDF</referredTableID>
<keyObject>ED482134-8453-924F-A0A0-DF407E543F0C</keyObject>
<referredKeyID>ED482134-8453-924F-A0A0-DF407E543F0C</referredKeyID>
<mandatory>false</mandatory>
<refColNames>id_subarea_ocde</refColNames>
<transferable>true</transferable>
<rely>false</rely>
<columnDependencyConstraintGenerateInDDL>true</columnDependencyConstraintGenerateInDDL>
</FKIndexAssociation>