<?xml version = '1.0' encoding = 'UTF-8'?>
<FKIndexAssociation class="oracle.dbtools.crest.model.design.relational.FKIndexAssociation" directorySegmentName="seg_0" id="79DFCB61-E206-8E38-3F4F-72410D51E591" containerWithKeyObject="9243FA69-6B88-A82B-883D-EDB90E0A9D62" localFKIndex="2D25BC2C-27E0-489C-85EB-5624DC3966B8" name="postulante_nacionalidad_FK">
<createdBy>User</createdBy>
<createdTime>2025-05-11 21:06:23 UTC</createdTime>
<generatorID>27A932F6-F6C8-7ECB-5A5B-B6E86630EC3A</generatorID>
<ownerDesignName>modelofinal</ownerDesignName>
<referredTableLongName>nacionalidad</referredTableLongName>
<deleteRule>NO ACTION</deleteRule>
<referredTableID>196DF9D4-E30D-B219-188E-DA08D79587BF</referredTableID>
<keyObject>4AB7AA5B-E9C3-B716-6BA6-EB8670D1A4FD</keyObject>
<referredKeyID>4AB7AA5B-E9C3-B716-6BA6-EB8670D1A4FD</referredKeyID>
<mandatory>true</mandatory>
<refColNames>id_nacionalidad</refColNames>
<transferable>true</transferable>
<rely>false</rely>
<columnDependencyConstraintGenerateInDDL>true</columnDependencyConstraintGenerateInDDL>
</FKIndexAssociation>