<?xml version = '1.0' encoding = 'UTF-8'?>
<FKIndexAssociation class="oracle.dbtools.crest.model.design.relational.FKIndexAssociation" directorySegmentName="seg_0" id="9BC5938C-9530-7D3B-88F5-398ED3114B8F" containerWithKeyObject="622493CB-29D5-509A-BDD5-B7C5CF80759C" localFKIndex="78412D38-E430-A30E-EA7A-0220FE0952C4" name="evaluacion_postulacion_FK">
<createdBy>User</createdBy>
<createdTime>2025-05-11 21:06:23 UTC</createdTime>
<generatorID>13F3D784-5BFF-CADB-93EB-292B531190C2</generatorID>
<ownerDesignName>modelofinal</ownerDesignName>
<referredTableLongName>postulacion</referredTableLongName>
<deleteRule>NO ACTION</deleteRule>
<referredTableID>57824065-6410-7247-AD30-F4FCA559B93F</referredTableID>
<keyObject>49D530F3-18B9-BC90-DC32-E4BD90A5B6B7</keyObject>
<referredKeyID>49D530F3-18B9-BC90-DC32-E4BD90A5B6B7</referredKeyID>
<mandatory>false</mandatory>
<refColNames>id_postulacion</refColNames>
<transferable>true</transferable>
<rely>false</rely>
<columnDependencyConstraintGenerateInDDL>true</columnDependencyConstraintGenerateInDDL>
</FKIndexAssociation>