<?xml version = '1.0' encoding = 'UTF-8'?>
<FKIndexAssociation class="oracle.dbtools.crest.model.design.relational.FKIndexAssociation" directorySegmentName="seg_0" id="AFC9891B-96C1-CDB6-B0A1-BB2CDE9C94D2" containerWithKeyObject="CDF94334-04D2-AC79-CD06-362118F44483" localFKIndex="3B260B3C-DE17-629C-C665-9CC94BB3268A" name="programa_magister_universidad_FK">
<createdBy>User</createdBy>
<createdTime>2025-05-11 21:06:23 UTC</createdTime>
<generatorID>6AACAAA9-8335-675D-46C4-AA4A0B3D57CB</generatorID>
<ownerDesignName>modelofinal</ownerDesignName>
<referredTableLongName>universidad</referredTableLongName>
<deleteRule>NO ACTION</deleteRule>
<referredTableID>FCDA6650-166A-8A43-B2CE-48956DC1E662</referredTableID>
<keyObject>1E08017E-3128-7A57-887C-12A7F894BBD9</keyObject>
<referredKeyID>1E08017E-3128-7A57-887C-12A7F894BBD9</referredKeyID>
<mandatory>false</mandatory>
<refColNames>id_universidad</refColNames>
<transferable>true</transferable>
<rely>false</rely>
<columnDependencyConstraintGenerateInDDL>true</columnDependencyConstraintGenerateInDDL>
</FKIndexAssociation>