<?xml version = '1.0' encoding = 'UTF-8'?>
<FKIndexAssociation class="oracle.dbtools.crest.model.design.relational.FKIndexAssociation" directorySegmentName="seg_0" id="B0D43C08-EDF1-8A7E-1A76-391F8C0D6B87" containerWithKeyObject="12D6DA18-BE97-31F2-39FC-F133F0228EE8" localFKIndex="D9BB0D09-F384-3E83-1E59-58FE36871026" name="detalle_puntaje_trayectoria_postulacion_FK">
<createdBy>User</createdBy>
<createdTime>2025-05-11 21:06:23 UTC</createdTime>
<generatorID>0ED138B3-5DCF-D325-2608-A5DFCFE14897</generatorID>
<ownerDesignName>modelofinal</ownerDesignName>
<referredTableLongName>postulacion</referredTableLongName>
<deleteRule>NO ACTION</deleteRule>
<referredTableID>57824065-6410-7247-AD30-F4FCA559B93F</referredTableID>
<keyObject>49D530F3-18B9-BC90-DC32-E4BD90A5B6B7</keyObject>
<referredKeyID>49D530F3-18B9-BC90-DC32-E4BD90A5B6B7</referredKeyID>
<mandatory>false</mandatory>
<refColNames>id_postulacion</refColNames>
<transferable>true</transferable>
<rely>false</rely>
<columnDependencyConstraintGenerateInDDL>true</columnDependencyConstraintGenerateInDDL>
</FKIndexAssociation>