<?xml version = '1.0' encoding = 'UTF-8'?>
<FKIndexAssociation class="oracle.dbtools.crest.model.design.relational.FKIndexAssociation" directorySegmentName="seg_0" id="B8B7073D-1338-1B5A-D4E0-FD39B9B666D5" containerWithKeyObject="8998FEDF-E9A0-CE33-42B2-CB525341C351" localFKIndex="D68DBF84-6AE7-A9E5-840F-A5D7B04AB2E3" name="documento_adjunto_tipo_documento_FK">
<createdBy>User</createdBy>
<createdTime>2025-05-11 21:06:23 UTC</createdTime>
<generatorID>15DAB466-98D8-154E-F996-96C514168CFB</generatorID>
<ownerDesignName>modelofinal</ownerDesignName>
<referredTableLongName>tipo_documento</referredTableLongName>
<deleteRule>NO ACTION</deleteRule>
<referredTableID>EFF718E1-F0DA-D638-F488-3197AACE1163</referredTableID>
<keyObject>0940DF8C-D1AB-588C-8744-AE4E982C3BBC</keyObject>
<referredKeyID>0940DF8C-D1AB-588C-8744-AE4E982C3BBC</referredKeyID>
<mandatory>true</mandatory>
<refColNames>id_tipo_documento</refColNames>
<transferable>true</transferable>
<rely>false</rely>
<columnDependencyConstraintGenerateInDDL>true</columnDependencyConstraintGenerateInDDL>
</FKIndexAssociation>