<?xml version = '1.0' encoding = 'UTF-8'?>
<FKIndexAssociation class="oracle.dbtools.crest.model.design.relational.FKIndexAssociation" directorySegmentName="seg_0" id="C58EE739-E178-A5ED-8AFA-F9DCA6AD32CD" containerWithKeyObject="843285C7-20F2-CD86-73A9-1BB5CD46E2EE" localFKIndex="F06CBA5A-68A7-3DC1-E8C2-C0225C5B6700" name="bonificacion_postulacion_FK">
<createdBy>User</createdBy>
<createdTime>2025-05-11 21:06:23 UTC</createdTime>
<generatorID>16AE8D33-6CEE-D546-A21C-D3B3851E18D1</generatorID>
<ownerDesignName>modelofinal</ownerDesignName>
<referredTableLongName>postulacion</referredTableLongName>
<deleteRule>NO ACTION</deleteRule>
<referredTableID>57824065-6410-7247-AD30-F4FCA559B93F</referredTableID>
<keyObject>49D530F3-18B9-BC90-DC32-E4BD90A5B6B7</keyObject>
<referredKeyID>49D530F3-18B9-BC90-DC32-E4BD90A5B6B7</referredKeyID>
<mandatory>false</mandatory>
<refColNames>id_postulacion</refColNames>
<transferable>true</transferable>
<rely>false</rely>
<columnDependencyConstraintGenerateInDDL>true</columnDependencyConstraintGenerateInDDL>
</FKIndexAssociation>