<?xml version = '1.0' encoding = 'UTF-8'?>
<FKIndexAssociation class="oracle.dbtools.crest.model.design.relational.FKIndexAssociation" directorySegmentName="seg_0" id="CC33171F-4DAF-A11F-A307-114FAF10375A" containerWithKeyObject="CDF94334-04D2-AC79-CD06-362118F44483" localFKIndex="3129A2AF-A73A-9753-8B4F-90966315C9EB" name="programa_magister_tipo_programa_FK">
<createdBy>User</createdBy>
<createdTime>2025-05-11 21:06:23 UTC</createdTime>
<generatorID>54309D7F-71BB-14C0-023C-5D8E32A5A75D</generatorID>
<ownerDesignName>modelofinal</ownerDesignName>
<referredTableLongName>tipo_programa</referredTableLongName>
<deleteRule>NO ACTION</deleteRule>
<referredTableID>4B324245-D2E9-6170-B644-B15B444440B3</referredTableID>
<keyObject>F3F5BCF0-6D94-A4BF-0C4C-8F180A1EA7D7</keyObject>
<referredKeyID>F3F5BCF0-6D94-A4BF-0C4C-8F180A1EA7D7</referredKeyID>
<mandatory>true</mandatory>
<refColNames>id_tipo_programa</refColNames>
<transferable>true</transferable>
<rely>false</rely>
<columnDependencyConstraintGenerateInDDL>true</columnDependencyConstraintGenerateInDDL>
</FKIndexAssociation>