<?xml version = '1.0' encoding = 'UTF-8'?>
<FKIndexAssociation class="oracle.dbtools.crest.model.design.relational.FKIndexAssociation" directorySegmentName="seg_0" id="D01D444A-B7E1-DD7E-81AB-C7A6535917FB" containerWithKeyObject="622493CB-29D5-509A-BDD5-B7C5CF80759C" localFKIndex="49A6319F-FC57-5475-0490-2432BEFDE6D2" name="evaluacion_evaluador_FK">
<createdBy>User</createdBy>
<createdTime>2025-05-11 21:06:23 UTC</createdTime>
<generatorID>CE0E6A2B-5DD5-A08A-1373-830F4B899E44</generatorID>
<ownerDesignName>modelofinal</ownerDesignName>
<referredTableLongName>evaluador</referredTableLongName>
<deleteRule>NO ACTION</deleteRule>
<referredTableID>DA4379CA-855D-0EFF-5AF2-714E4055D258</referredTableID>
<keyObject>6F5E8FB5-62DF-E0EA-50C0-C83418B0C1FB</keyObject>
<referredKeyID>6F5E8FB5-62DF-E0EA-50C0-C83418B0C1FB</referredKeyID>
<mandatory>false</mandatory>
<refColNames>id_evaluador</refColNames>
<transferable>true</transferable>
<rely>false</rely>
<columnDependencyConstraintGenerateInDDL>true</columnDependencyConstraintGenerateInDDL>
</FKIndexAssociation>