<?xml version = '1.0' encoding = 'UTF-8'?>
<FKIndexAssociation class="oracle.dbtools.crest.model.design.relational.FKIndexAssociation" directorySegmentName="seg_0" id="E4F4FF47-B1CE-FB77-07D8-E0AC84BCA1D2" containerWithKeyObject="AD017623-5921-9B07-228B-81DF4CFC6104" localFKIndex="523987E1-1B72-F91E-03E0-7EC39BFEC502" name="titulo_profesional_universidad_FK">
<createdBy>User</createdBy>
<createdTime>2025-05-11 21:06:23 UTC</createdTime>
<generatorID>EEE54EA9-E477-D5D9-F76D-F8CEA30A2568</generatorID>
<ownerDesignName>modelofinal</ownerDesignName>
<referredTableLongName>universidad</referredTableLongName>
<deleteRule>NO ACTION</deleteRule>
<referredTableID>FCDA6650-166A-8A43-B2CE-48956DC1E662</referredTableID>
<keyObject>1E08017E-3128-7A57-887C-12A7F894BBD9</keyObject>
<referredKeyID>1E08017E-3128-7A57-887C-12A7F894BBD9</referredKeyID>
<mandatory>true</mandatory>
<refColNames>id_universidad</refColNames>
<transferable>true</transferable>
<rely>false</rely>
<columnDependencyConstraintGenerateInDDL>true</columnDependencyConstraintGenerateInDDL>
</FKIndexAssociation>