<?xml version = '1.0' encoding = 'UTF-8'?>
<FKIndexAssociation class="oracle.dbtools.crest.model.design.relational.FKIndexAssociation" directorySegmentName="seg_0" id="EBDC5DE8-4434-E196-A859-23DBE77116DB" containerWithKeyObject="54B9AFBD-2EC8-08C7-BBD4-91546A99C693" localFKIndex="A1F1E124-A23D-4234-B342-249C12BE0BBE" name="licenciatura_universidad_FK">
<createdBy>User</createdBy>
<createdTime>2025-05-11 21:06:23 UTC</createdTime>
<generatorID>C1FBF68B-6553-AA58-3553-76B330B46D14</generatorID>
<ownerDesignName>modelofinal</ownerDesignName>
<referredTableLongName>universidad</referredTableLongName>
<deleteRule>NO ACTION</deleteRule>
<referredTableID>FCDA6650-166A-8A43-B2CE-48956DC1E662</referredTableID>
<keyObject>1E08017E-3128-7A57-887C-12A7F894BBD9</keyObject>
<referredKeyID>1E08017E-3128-7A57-887C-12A7F894BBD9</referredKeyID>
<mandatory>true</mandatory>
<refColNames>id_universidad</refColNames>
<transferable>true</transferable>
<rely>false</rely>
<columnDependencyConstraintGenerateInDDL>true</columnDependencyConstraintGenerateInDDL>
</FKIndexAssociation>