<?xml version = '1.0' encoding = 'UTF-8'?>
<FKIndexAssociation class="oracle.dbtools.crest.model.design.relational.FKIndexAssociation" directorySegmentName="seg_0" id="EC7123C2-8C7A-6D69-85E5-3528E563641B" containerWithKeyObject="57824065-6410-7247-AD30-F4FCA559B93F" localFKIndex="FF31C913-07B2-A525-923D-2E6F3D0E3C0F" name="postulacion_postulante_FK">
<createdBy>User</createdBy>
<createdTime>2025-05-11 21:06:23 UTC</createdTime>
<generatorID>7742F227-CDE7-639C-0E16-5418001B8AEF</generatorID>
<ownerDesignName>modelofinal</ownerDesignName>
<referredTableLongName>postulante</referredTableLongName>
<deleteRule>NO ACTION</deleteRule>
<referredTableID>9243FA69-6B88-A82B-883D-EDB90E0A9D62</referredTableID>
<keyObject>E4BB5125-7718-5CAB-E9E3-8A14D3F4266C</keyObject>
<referredKeyID>E4BB5125-7718-5CAB-E9E3-8A14D3F4266C</referredKeyID>
<mandatory>false</mandatory>
<refColNames>id_postulante</refColNames>
<transferable>true</transferable>
<rely>false</rely>
<columnDependencyConstraintGenerateInDDL>true</columnDependencyConstraintGenerateInDDL>
</FKIndexAssociation>