<?xml version = '1.0' encoding = 'UTF-8'?>
<FKIndexAssociation class="oracle.dbtools.crest.model.design.relational.FKIndexAssociation" directorySegmentName="seg_0" id="F70F489D-2371-C71D-303D-4F48054CC673" containerWithKeyObject="57824065-6410-7247-AD30-F4FCA559B93F" localFKIndex="EFBC9DEF-0CCD-C47A-B795-662C1F53BC89" name="postulacion_programa_magister_FK">
<createdBy>User</createdBy>
<createdTime>2025-05-11 21:06:23 UTC</createdTime>
<generatorID>B8D1AC3A-875D-BDF1-FDC1-68322B7A3A7E</generatorID>
<ownerDesignName>modelofinal</ownerDesignName>
<referredTableLongName>programa_magister</referredTableLongName>
<deleteRule>NO ACTION</deleteRule>
<referredTableID>CDF94334-04D2-AC79-CD06-362118F44483</referredTableID>
<keyObject>EDFB3097-8AD0-9DBE-00D2-784A80374570</keyObject>
<referredKeyID>EDFB3097-8AD0-9DBE-00D2-784A80374570</referredKeyID>
<mandatory>false</mandatory>
<refColNames>id_programa</refColNames>
<transferable>true</transferable>
<rely>false</rely>
<columnDependencyConstraintGenerateInDDL>true</columnDependencyConstraintGenerateInDDL>
</FKIndexAssociation>