<?xml version = '1.0' encoding = 'UTF-8'?>
<FKIndexAssociation class="oracle.dbtools.crest.model.design.relational.FKIndexAssociation" directorySegmentName="seg_0" id="FF226179-4680-5261-2293-C770AC106C5F" containerWithKeyObject="9243FA69-6B88-A82B-883D-EDB90E0A9D62" localFKIndex="1B7863EC-496B-F44D-4CCA-B29E09CD8576" name="postulante_licenciatura_FK">
<createdBy>User</createdBy>
<createdTime>2025-05-11 21:06:23 UTC</createdTime>
<generatorID>7E6E2021-9505-EC0D-91FB-1C32A26D7FD2</generatorID>
<ownerDesignName>modelofinal</ownerDesignName>
<referredTableLongName>licenciatura</referredTableLongName>
<deleteRule>NO ACTION</deleteRule>
<referredTableID>54B9AFBD-2EC8-08C7-BBD4-91546A99C693</referredTableID>
<keyObject>A091DF49-F4F0-EC41-34BA-CB273EED7A5F</keyObject>
<referredKeyID>A091DF49-F4F0-EC41-34BA-CB273EED7A5F</referredKeyID>
<mandatory>false</mandatory>
<refColNames>id_licenciatura</refColNames>
<transferable>true</transferable>
<rely>false</rely>
<columnDependencyConstraintGenerateInDDL>true</columnDependencyConstraintGenerateInDDL>
</FKIndexAssociation>