<?xml version = '1.0' encoding = 'UTF-8'?>
<FKIndexAssociation class="oracle.dbtools.crest.model.design.relational.FKIndexAssociation" directorySegmentName="seg_0" id="FFE52B8E-CCBE-E070-0A0F-C774DC1BCD74" containerWithKeyObject="57824065-6410-7247-AD30-F4FCA559B93F" localFKIndex="4EF1C9B9-991D-5411-525D-4A34309D8049" name="postulacion_concurso_FK">
<createdBy>User</createdBy>
<createdTime>2025-05-11 21:06:23 UTC</createdTime>
<generatorID>72C97F68-AD22-B0DF-44BC-61C746AD64C7</generatorID>
<ownerDesignName>modelofinal</ownerDesignName>
<referredTableLongName>concurso</referredTableLongName>
<deleteRule>NO ACTION</deleteRule>
<referredTableID>B93FEDDA-6B30-0E16-E265-78BF99F5F014</referredTableID>
<keyObject>8943E186-A32D-BDD4-DE8A-D33EF851C066</keyObject>
<referredKeyID>8943E186-A32D-BDD4-DE8A-D33EF851C066</referredKeyID>
<mandatory>false</mandatory>
<refColNames>id_concurso</refColNames>
<transferable>true</transferable>
<rely>false</rely>
<columnDependencyConstraintGenerateInDDL>true</columnDependencyConstraintGenerateInDDL>
</FKIndexAssociation>